S.No.,Requested Timezone,Post Date,Location Name,Address Line1,Address Line2,City,State,Postal Code,Country,Time Zone,Serial Number,Connection Time,Disconnect Time,Total Time,Cummulative Energy,Total Fee,Fee Currency,Organization Name,Occupancy Billable Time,Total Occupancy Time,Billable Time,Plug Duration,Energy Start Time,Energy End Time,Energy Duration,Billing Unit Name,Evse Type,Max Power
1,US/Mountain,9/24/2023 20:15,Portland State University,1872 SW Broadway,Not Available,Portland,Oregon,97201,US,America/Los_Angeles,L1-0207-ISO-2240-012964,9/24/2023 17:15,9/24/2023 20:15,3:00:34,9.9388867,3.88,USD,Portland State University,0:00:02,0:00:02,3:00:32,3:00:34,9/24/2023 16:15,9/24/2023 19:15,3:00:32,kWh,Level 2,3364.416
2,US/Mountain,9/4/2023 20:37,Portland State University - RMNC,1600 Southwest 4th Avenue,Not Available,Portland,Oregon,97201,US,America/Los_Angeles,L1-0207-ISO-2240-012498,9/4/2023 18:07,9/4/2023 20:37,2:29:54,15.9135469,6.21,USD,Portland State University,0:00:04,0:00:04,2:29:50,2:29:54,9/4/2023 17:07,9/4/2023 19:37,2:29:50,kWh,Level 2,8640
3,US/Mountain,9/4/2023 21:35,Portland State University - RMNC,1600 Southwest 4th Avenue,Not Available,Portland,Oregon,97201,US,America/Los_Angeles,L1-0207-ISO-2240-012498,9/4/2023 21:08,9/4/2023 21:35,0:26:54,2.5642773,1,USD,Portland State University,0:00:03,0:00:03,0:26:51,0:26:54,9/4/2023 20:08,9/4/2023 20:35,0:26:51,kWh,Level 2,8640
4,US/Mountain,10/8/2023 12:21,Portland State University - RMNC,1600 Southwest 4th Avenue,Not Available,Portland,Oregon,97201,US,America/Los_Angeles,L1-0207-ISO-2240-012498,10/8/2023 10:15,10/8/2023 12:21,2:06:06,12.0543672,4.7,USD,Portland State University,0:00:03,0:00:03,2:06:03,2:06:06,10/8/2023 9:15,10/8/2023 11:21,2:06:03,kWh,Level 2,8640
5,US/Mountain,10/1/2023 16:54,Portland State University - RMNC,1600 Southwest 4th Avenue,Not Available,Portland,Oregon,97201,US,America/Los_Angeles,L1-0207-ISO-2240-012498,9/30/2023 18:32,10/1/2023 16:54,22:21:59,16.0433594,6.26,USD,Portland State University,18:43:57,18:43:57,3:38:02,22:21:59,9/30/2023 17:32,10/1/2023 15:54,3:38:02,kWh,Level 2,8640
6,US/Mountain,9/1/2023 9:00,Portland State University,1872 SW Broadway,Not Available,Portland,Oregon,97201,US,America/Los_Angeles,L1-0205-2240-004638,8/31/2023 15:54,9/1/2023 9:00,17:05:11,21.568625,8.41,USD,Portland State University,12:39:28,12:39:28,4:25:43,17:05:11,8/31/2023 14:54,9/1/2023 8:00,4:25:43,kWh,Level 2,6775.4016
7,US/Mountain,9/5/2023 16:00,Portland State University - Parking One,1872 Southwest Broadway,Not Available,Portland,Oregon,97201,US,America/Los_Angeles,L1-0205-2240-004561,9/5/2023 10:52,9/5/2023 16:00,5:07:46,4.6933711,1.83,USD,Portland State University,2:57:35,2:57:35,2:10:11,5:07:46,9/5/2023 9:52,9/5/2023 15:00,2:10:11,kWh,Level 2,6633.4752
8,US/Mountain,10/8/2023 13:01,Portland State University,1872 SW Broadway,Not Available,Portland,Oregon,97201,US,America/Los_Angeles,L1-0207-ISO-2240-012964,10/8/2023 11:54,10/8/2023 13:01,1:07:26,3.5363008,1.73,USD,Portland State University,0:00:03,0:00:03,1:07:23,1:07:26,10/8/2023 10:54,10/8/2023 12:01,1:07:23,kWh,Level 2,3364.416
9,US/Mountain,9/6/2023 13:12,Portland State University - RMNC,1600 Southwest 4th Avenue,Not Available,Portland,Oregon,97201,US,America/Los_Angeles,L1-0205-2240-004640,9/6/2023 9:32,9/6/2023 13:12,3:40:08,22.4779336,8.77,USD,Portland State University,0:00:11,0:00:11,3:39:57,3:40:08,9/6/2023 8:32,9/6/2023 12:12,3:39:57,kWh,Level 2,6728.832
10,US/Mountain,9/1/2023 0:42,Portland State University,1872 SW Broadway,Not Available,Portland,Oregon,97201,US,America/Los_Angeles,L1-0207-ISO-2240-012964,9/1/2023 0:16,9/1/2023 0:42,0:26:10,1.396957,0.69,USD,Portland State University,0:00:03,0:00:03,0:26:07,0:26:10,8/31/2023 23:16,8/31/2023 23:42,0:26:07,kWh,Level 2,3364.416
11,US/Mountain,9/1/2023 7:37,Portland State University,1872 SW Broadway,Not Available,Portland,Oregon,97201,US,America/Los_Angeles,L1-0205-2240-004536,9/1/2023 0:59,9/1/2023 7:37,6:37:47,33.8126289,16.57,USD,Portland State University,1:26:03,1:26:03,5:11:44,6:37:47,8/31/2023 23:59,9/1/2023 6:37,5:11:44,kWh,Level 2,6670.8576
12,US/Mountain,9/6/2023 15:16,Portland State University - Parking One,1872 Southwest Broadway,Not Available,Portland,Oregon,97201,US,America/Los_Angeles,L1-0205-2240-004561,9/6/2023 10:02,9/6/2023 15:16,5:14:08,4.5153203,1.76,USD,Portland State University,2:57:39,2:57:39,2:16:29,5:14:08,9/6/2023 9:02,9/6/2023 14:16,2:16:29,kWh,Level 2,6633.4752
13,US/Mountain,9/7/2023 18:13,Portland State University,1872 SW Broadway,Not Available,Portland,Oregon,97201,US,America/Los_Angeles,L1-0205-2240-004536,9/7/2023 10:09,9/7/2023 18:13,8:04:00,11.855168,4.62,USD,Portland State University,5:06:19,5:06:19,2:57:41,8:04:00,9/7/2023 9:09,9/7/2023 17:13,2:57:41,kWh,Level 2,6670.8576
14,US/Mountain,9/1/2023 12:15,Portland State University - RMNC,1600 Southwest 4th Avenue,Not Available,Portland,Oregon,97201,US,America/Los_Angeles,L1-0207-ISO-2240-012498,9/1/2023 10:27,9/1/2023 12:15,1:48:16,5.1165234,2,USD,Portland State University,0:24:03,0:24:03,1:24:13,1:48:16,9/1/2023 9:27,9/1/2023 11:15,1:24:13,kWh,Level 2,8640
15,US/Mountain,9/1/2023 14:26,Portland State University,1872 SW Broadway,Not Available,Portland,Oregon,97201,US,America/Los_Angeles,L1-0207-ISO-2240-012964,9/1/2023 14:25,9/1/2023 14:26,0:00:34,0,0,USD,Portland State University,0:00:31,0:00:31,0:00:03,0:00:34,9/1/2023 13:25,9/1/2023 13:26,0:00:03,kWh,Level 2,3364.416
16,US/Mountain,9/1/2023 16:47,Portland State University,1872 SW Broadway,Not Available,Portland,Oregon,97201,US,America/Los_Angeles,L1-0207-ISO-2240-012964,9/1/2023 14:40,9/1/2023 16:47,2:07:14,6.7551094,3.31,USD,Portland State University,0:00:03,0:00:03,2:07:11,2:07:14,9/1/2023 13:40,9/1/2023 15:47,2:07:11,kWh,Level 2,3364.416
17,US/Mountain,9/1/2023 19:41,Portland State University,1872 SW Broadway,Not Available,Portland,Oregon,97201,US,America/Los_Angeles,L1-0205-2240-004638,9/1/2023 15:41,9/1/2023 19:41,4:00:14,11.3410859,4.42,USD,Portland State University,1:14:14,1:14:14,2:46:00,4:00:14,9/1/2023 14:41,9/1/2023 18:41,2:46:00,kWh,Level 2,6775.4016
18,US/Mountain,9/7/2023 14:13,Portland State University,1872 SW Broadway,Not Available,Portland,Oregon,97201,US,America/Los_Angeles,L1-0205-2240-004638,9/7/2023 2:13,9/7/2023 14:13,11:59:46,22.0554492,8.6,USD,Portland State University,7:35:04,7:35:04,4:24:42,11:59:46,9/7/2023 1:13,9/7/2023 13:13,4:24:42,kWh,Level 2,6775.4016
19,US/Mountain,9/6/2023 11:43,Portland State University,1872 SW Broadway,Not Available,Portland,Oregon,97201,US,America/Los_Angeles,L1-0207-ISO-2240-012964,9/5/2023 21:15,9/6/2023 11:43,14:27:50,32.3346523,12.61,USD,Portland State University,0:24:02,0:24:02,14:03:48,14:27:50,9/5/2023 20:15,9/6/2023 10:43,14:03:48,kWh,Level 2,3364.416
20,US/Mountain,9/2/2023 12:41,Portland State University - RMNC,1600 Southwest 4th Avenue,Not Available,Portland,Oregon,97201,US,America/Los_Angeles,L1-0207-ISO-2240-012498,9/2/2023 10:38,9/2/2023 12:41,2:03:06,11.681,4.55,USD,Portland State University,0:00:03,0:00:03,2:03:03,2:03:06,9/2/2023 9:38,9/2/2023 11:41,2:03:03,kWh,Level 2,8640
21,US/Mountain,9/2/2023 12:55,Portland State University,1872 SW Broadway,Not Available,Portland,Oregon,97201,US,America/Los_Angeles,L1-0207-ISO-2240-012964,9/2/2023 11:09,9/2/2023 12:55,1:45:33,5.5090234,2.15,USD,Portland State University,0:01:56,0:01:56,1:43:37,1:45:33,9/2/2023 10:09,9/2/2023 11:55,1:43:37,kWh,Level 2,3364.416
22,US/Mountain,9/2/2023 15:10,Portland State University,1872 SW Broadway,Not Available,Portland,Oregon,97201,US,America/Los_Angeles,L1-0207-ISO-2240-012964,9/2/2023 14:19,9/2/2023 15:10,0:50:51,2.6412266,1.29,USD,Portland State University,0:00:39,0:00:39,0:50:12,0:50:51,9/2/2023 13:19,9/2/2023 14:10,0:50:12,kWh,Level 2,3364.416
23,US/Mountain,9/7/2023 13:10,Portland State University - Parking One,1872 Southwest Broadway,Not Available,Portland,Oregon,97201,US,America/Los_Angeles,L1-0207-ISO-2240-012922,9/7/2023 10:32,9/7/2023 13:10,2:38:46,4.5060898,1.76,USD,Portland State University,0:34:34,0:34:34,2:04:12,2:38:46,9/7/2023 9:32,9/7/2023 12:10,2:04:12,kWh,Level 2,8640
24,US/Mountain,9/3/2023 13:39,Portland State University,1872 SW Broadway,Not Available,Portland,Oregon,97201,US,America/Los_Angeles,L1-0205-2240-004638,9/3/2023 4:02,9/3/2023 13:39,9:37:42,30.0480547,11.72,USD,Portland State University,3:56:04,3:56:04,5:41:38,9:37:42,9/3/2023 3:02,9/3/2023 12:39,5:41:38,kWh,Level 2,6775.4016
25,US/Mountain,9/3/2023 19:49,Portland State University,1872 SW Broadway,Not Available,Portland,Oregon,97201,US,America/Los_Angeles,L1-0205-2240-004638,9/3/2023 16:01,9/3/2023 19:49,3:48:02,24.0436055,9.38,USD,Portland State University,0:00:02,0:00:02,3:48:00,3:48:02,9/3/2023 15:01,9/3/2023 18:49,3:48:00,kWh,Level 2,6775.4016
26,US/Mountain,9/6/2023 13:18,Portland State University,1872 SW Broadway,Not Available,Portland,Oregon,97201,US,America/Los_Angeles,L1-0205-2240-004536,9/6/2023 10:51,9/6/2023 13:18,2:27:14,14.227832,5.55,USD,Portland State University,0:00:02,0:00:02,2:27:12,2:27:14,9/6/2023 9:51,9/6/2023 12:18,2:27:12,kWh,Level 2,6670.8576
27,US/Mountain,9/3/2023 22:34,Portland State University - RMNC,1600 Southwest 4th Avenue,Not Available,Portland,Oregon,97201,US,America/Los_Angeles,L1-0207-ISO-2240-012498,9/3/2023 17:25,9/3/2023 22:34,5:09:30,33.0791875,12.9,USD,Portland State University,0:00:03,0:00:03,5:09:27,5:09:30,9/3/2023 16:25,9/3/2023 21:34,5:09:27,kWh,Level 2,8640
28,US/Mountain,9/7/2023 15:09,Portland State University - Parking One,1872 Southwest Broadway,Not Available,Portland,Oregon,97201,US,America/Los_Angeles,L1-0205-2240-004561,9/7/2023 9:31,9/7/2023 15:09,5:38:07,7.5301055,3.69,USD,Portland State University,3:10:41,3:10:41,2:27:26,5:38:07,9/7/2023 8:31,9/7/2023 14:09,2:27:26,kWh,Level 2,6633.4752
29,US/Mountain,9/6/2023 19:31,Portland State University,1872 SW Broadway,Not Available,Portland,Oregon,97201,US,America/Los_Angeles,L1-0207-ISO-2240-012964,9/6/2023 16:37,9/6/2023 19:31,2:53:32,9.2181133,3.6,USD,Portland State University,0:00:03,0:00:03,2:53:29,2:53:32,9/6/2023 15:37,9/6/2023 18:31,2:53:29,kWh,Level 2,3364.416
30,US/Mountain,9/4/2023 12:18,Portland State University,1872 SW Broadway,Not Available,Portland,Oregon,97201,US,America/Los_Angeles,L1-0207-ISO-2240-012964,9/3/2023 22:28,9/4/2023 12:17,13:49:38,43.4357031,21.28,USD,Portland State University,0:00:03,0:00:03,13:49:35,13:49:38,9/3/2023 21:28,9/4/2023 11:17,13:49:35,kWh,Level 2,3364.416
31,US/Mountain,9/3/2023 23:17,Portland State University - RMNC,1600 Southwest 4th Avenue,Not Available,Portland,Oregon,97201,US,America/Los_Angeles,L1-0207-ISO-2240-012498,9/3/2023 22:35,9/3/2023 23:17,0:41:36,0,0,USD,Portland State University,0:41:36,0:41:36,0:00:00,0:41:36,9/3/2023 21:35,9/3/2023 22:17,0:00:00,kWh,Level 2,8640
32,US/Mountain,9/12/2023 13:41,Portland State University - Parking One,1872 Southwest Broadway,Not Available,Portland,Oregon,97201,US,America/Los_Angeles,L1-0205-2240-004561,9/12/2023 10:16,9/12/2023 13:41,3:24:30,4.80375,1.87,USD,Portland State University,1:14:44,1:14:44,2:09:46,3:24:30,9/12/2023 9:16,9/12/2023 12:41,2:09:46,kWh,Level 2,6633.4752
33,US/Mountain,9/7/2023 23:27,Portland State University - RMNC,1600 Southwest 4th Avenue,Not Available,Portland,Oregon,97201,US,America/Los_Angeles,L1-0207-ISO-2240-012498,9/7/2023 20:21,9/7/2023 23:27,3:06:28,7.45225,2.91,USD,Portland State University,0:57:59,0:57:59,2:08:29,3:06:28,9/7/2023 19:21,9/7/2023 22:27,2:08:29,kWh,Level 2,8640
34,US/Mountain,9/12/2023 17:54,Portland State University,1872 SW Broadway,Not Available,Portland,Oregon,97201,US,America/Los_Angeles,L1-0207-ISO-2240-012605,9/12/2023 11:18,9/12/2023 17:54,6:35:55,0.0097461,0,USD,Portland State University,6:35:38,6:35:38,0:00:17,6:35:55,9/12/2023 10:18,9/12/2023 16:54,0:00:17,kWh,Level 2,6764.6304
35,US/Mountain,9/12/2023 12:47,Portland State University,1872 SW Broadway,Not Available,Portland,Oregon,97201,US,America/Los_Angeles,L1-0205-2240-004536,9/12/2023 10:26,9/12/2023 12:47,2:20:51,12.9838398,5.06,USD,Portland State University,0:00:00,0:00:00,2:20:51,2:20:51,9/12/2023 9:26,9/12/2023 11:47,2:20:51,kWh,Level 2,6670.8576
36,US/Mountain,9/8/2023 17:42,Portland State University,1872 SW Broadway,Not Available,Portland,Oregon,97201,US,America/Los_Angeles,L1-0207-ISO-2240-012605,9/8/2023 11:22,9/8/2023 17:42,6:20:09,41.7211992,20.44,USD,Portland State University,0:00:04,0:00:04,6:20:05,6:20:09,9/8/2023 10:22,9/8/2023 16:42,6:20:05,kWh,Level 2,6764.6304
37,US/Mountain,9/18/2023 20:36,Portland State University - RMNC,1600 Southwest 4th Avenue,Not Available,Portland,Oregon,97201,US,America/Los_Angeles,L1-0207-ISO-2240-012498,9/18/2023 19:39,9/18/2023 20:36,0:57:06,3.5303672,1.38,USD,Portland State University,0:00:04,0:00:04,0:57:02,0:57:06,9/18/2023 18:39,9/18/2023 19:36,0:57:02,kWh,Level 2,8640
38,US/Mountain,9/14/2023 14:58,Portland State University,1872 SW Broadway,Not Available,Portland,Oregon,97201,US,America/Los_Angeles,L1-0205-2240-004638,9/14/2023 9:59,9/14/2023 14:58,4:58:25,17.5802539,6.86,USD,Portland State University,0:00:03,0:00:03,4:58:22,4:58:25,9/14/2023 8:59,9/14/2023 13:58,4:58:22,kWh,Level 2,6775.4016
39,US/Mountain,9/14/2023 16:23,Portland State University - Parking One,1872 Southwest Broadway,Not Available,Portland,Oregon,97201,US,America/Los_Angeles,L1-0205-2240-004561,9/14/2023 10:16,9/14/2023 16:23,6:06:54,4.9925156,1.95,USD,Portland State University,3:38:48,3:38:48,2:28:06,6:06:54,9/14/2023 9:16,9/14/2023 15:23,2:28:06,kWh,Level 2,6633.4752
40,US/Mountain,9/13/2023 17:04,Portland State University,1872 SW Broadway,Not Available,Portland,Oregon,97201,US,America/Los_Angeles,L1-0205-2240-004536,9/13/2023 10:39,9/13/2023 17:04,6:24:37,22.5117813,11.03,USD,Portland State University,2:56:51,2:56:51,3:27:46,6:24:37,9/13/2023 9:39,9/13/2023 16:04,3:27:46,kWh,Level 2,6670.8576
41,US/Mountain,9/25/2023 11:11,Portland State University,1872 SW Broadway,Not Available,Portland,Oregon,97201,US,America/Los_Angeles,L1-0205-2240-004638,9/24/2023 22:46,9/25/2023 11:11,12:24:14,33.6660781,13.13,USD,Portland State University,6:08:42,6:08:42,6:15:32,12:24:14,9/24/2023 21:46,9/25/2023 10:11,6:15:32,kWh,Level 2,6775.4016
42,US/Mountain,10/22/2023 12:43,Portland State University - RMNC,1600 Southwest 4th Avenue,Not Available,Portland,Oregon,97201,US,America/Los_Angeles,L1-0207-ISO-2240-012498,10/22/2023 10:31,10/22/2023 12:43,2:11:34,12.651332,4.93,USD,Portland State University,0:00:05,0:00:05,2:11:29,2:11:34,10/22/2023 9:31,10/22/2023 11:43,2:11:29,kWh,Level 2,8640
43,US/Mountain,9/13/2023 17:39,Portland State University - Parking One,1872 Southwest Broadway,Not Available,Portland,Oregon,97201,US,America/Los_Angeles,L1-0205-2240-004561,9/13/2023 10:39,9/13/2023 17:39,7:00:26,4.4595625,1.74,USD,Portland State University,5:00:22,5:00:22,2:00:04,7:00:26,9/13/2023 9:39,9/13/2023 16:39,2:00:04,kWh,Level 2,6633.4752
44,US/Mountain,9/9/2023 13:34,Portland State University,1872 SW Broadway,Not Available,Portland,Oregon,97201,US,America/Los_Angeles,L1-0205-2240-004638,9/9/2023 3:00,9/9/2023 13:34,10:34:08,24.5264297,9.57,USD,Portland State University,5:44:54,5:44:54,4:49:14,10:34:08,9/9/2023 2:00,9/9/2023 12:34,4:49:14,kWh,Level 2,6775.4016
45,US/Mountain,9/9/2023 12:20,Portland State University,1872 SW Broadway,Not Available,Portland,Oregon,97201,US,America/Los_Angeles,L1-0207-ISO-2240-012964,9/9/2023 11:03,9/9/2023 12:20,1:16:58,3.9546719,1.94,USD,Portland State University,0:00:04,0:00:04,1:16:54,1:16:58,9/9/2023 10:03,9/9/2023 11:20,1:16:54,kWh,Level 2,3364.416
46,US/Mountain,9/19/2023 19:03,Portland State University,1872 SW Broadway,Not Available,Portland,Oregon,97201,US,America/Los_Angeles,L1-0205-2240-004638,9/19/2023 11:00,9/19/2023 19:03,8:02:47,0.0086563,0,USD,Portland State University,8:02:30,8:02:30,0:00:17,8:02:47,9/19/2023 10:00,9/19/2023 18:03,0:00:17,kWh,Level 2,6775.4016
47,US/Mountain,9/14/2023 12:38,Portland State University,1872 SW Broadway,Not Available,Portland,Oregon,97201,US,America/Los_Angeles,L1-0205-2240-004536,9/14/2023 11:37,9/14/2023 12:38,1:01:11,6.1871562,2.41,USD,Portland State University,0:00:00,0:00:00,1:01:11,1:01:11,9/14/2023 10:37,9/14/2023 11:38,1:01:11,kWh,Level 2,6670.8576
48,US/Mountain,9/9/2023 12:35,Portland State University - RMNC,1600 Southwest 4th Avenue,Not Available,Portland,Oregon,97201,US,America/Los_Angeles,L1-0207-ISO-2240-012498,9/9/2023 10:52,9/9/2023 12:35,1:42:21,9.741207,3.8,USD,Portland State University,0:00:03,0:00:03,1:42:18,1:42:21,9/9/2023 9:52,9/9/2023 11:35,1:42:18,kWh,Level 2,8640
49,US/Mountain,9/18/2023 14:41,Portland State University - RMNC,1600 Southwest 4th Avenue,Not Available,Portland,Oregon,97201,US,America/Los_Angeles,L1-0207-ISO-2240-012498,9/18/2023 14:14,9/18/2023 14:41,0:27:41,2.5829297,1.01,USD,Portland State University,0:00:04,0:00:04,0:27:37,0:27:41,9/18/2023 13:14,9/18/2023 13:41,0:27:37,kWh,Level 2,8640
50,US/Mountain,9/14/2023 9:16,Portland State University,1872 SW Broadway,Not Available,Portland,Oregon,97201,US,America/Los_Angeles,L1-0205-2240-004638,9/13/2023 21:20,9/14/2023 9:15,11:55:24,7.9434883,3.1,USD,Portland State University,9:45:07,9:45:07,2:10:17,11:55:24,9/13/2023 20:20,9/14/2023 8:15,2:10:17,kWh,Level 2,6775.4016
51,US/Mountain,9/13/2023 12:06,Portland State University - RMNC,1600 Southwest 4th Avenue,Not Available,Portland,Oregon,97201,US,America/Los_Angeles,L1-0207-ISO-2240-012498,9/13/2023 9:40,9/13/2023 12:06,2:25:36,15.4522969,7.57,USD,Portland State University,0:00:05,0:00:05,2:25:31,2:25:36,9/13/2023 8:40,9/13/2023 11:06,2:25:31,kWh,Level 2,8640
52,US/Mountain,9/14/2023 17:08,Portland State University,1872 SW Broadway,Not Available,Portland,Oregon,97201,US,America/Los_Angeles,L1-0207-ISO-2240-012605,9/14/2023 10:36,9/14/2023 17:08,6:32:14,12.774875,4.98,USD,Portland State University,1:53:47,1:53:47,4:38:27,6:32:14,9/14/2023 9:36,9/14/2023 16:08,4:38:27,kWh,Level 2,6764.6304
53,US/Mountain,9/18/2023 21:22,Portland State University,1872 SW Broadway,Not Available,Portland,Oregon,97201,US,America/Los_Angeles,L1-0205-2240-004638,9/18/2023 13:10,9/18/2023 21:22,8:12:02,11.0711172,4.32,USD,Portland State University,5:27:00,5:27:00,2:45:02,8:12:02,9/18/2023 12:10,9/18/2023 20:22,2:45:02,kWh,Level 2,6775.4016
54,US/Mountain,9/19/2023 17:10,Portland State University,1872 SW Broadway,Not Available,Portland,Oregon,97201,US,America/Los_Angeles,L1-0207-ISO-2240-012605,9/19/2023 10:27,9/19/2023 17:10,6:43:28,5.1893047,2.02,USD,Portland State University,5:00:55,5:00:55,1:42:33,6:43:28,9/19/2023 9:27,9/19/2023 16:10,1:42:33,kWh,Level 2,6764.6304
55,US/Mountain,9/15/2023 11:15,Portland State University,1872 SW Broadway,Not Available,Portland,Oregon,97201,US,America/Los_Angeles,L1-0205-2240-004638,9/15/2023 2:03,9/15/2023 11:15,9:11:34,23.1550078,9.03,USD,Portland State University,4:38:27,4:38:27,4:33:07,9:11:34,9/15/2023 1:03,9/15/2023 10:15,4:33:07,kWh,Level 2,6775.4016
56,US/Mountain,9/20/2023 12:50,Portland State University,1872 SW Broadway,Not Available,Portland,Oregon,97201,US,America/Los_Angeles,L1-0205-2240-004638,9/20/2023 4:41,9/20/2023 12:50,8:09:09,16.4433477,6.41,USD,Portland State University,4:32:16,4:32:16,3:36:53,8:09:09,9/20/2023 3:41,9/20/2023 11:50,3:36:53,kWh,Level 2,6775.4016
57,US/Mountain,9/25/2023 14:26,Portland State University - RMNC,1600 Southwest 4th Avenue,Not Available,Portland,Oregon,97201,US,America/Los_Angeles,L1-0207-ISO-2240-012498,9/25/2023 11:02,9/25/2023 14:25,3:23:49,10.8150898,4.22,USD,Portland State University,0:00:03,0:00:03,3:23:46,3:23:49,9/25/2023 10:02,9/25/2023 13:25,3:23:46,kWh,Level 2,8640
58,US/Mountain,9/25/2023 9:59,Portland State University,1872 SW Broadway,Not Available,Portland,Oregon,97201,US,America/Los_Angeles,L1-0207-ISO-2240-012964,9/25/2023 8:26,9/25/2023 9:59,1:33:07,4.9385469,2.42,USD,Portland State University,0:00:03,0:00:03,1:33:04,1:33:07,9/25/2023 7:26,9/25/2023 8:59,1:33:04,kWh,Level 2,3364.416
59,US/Mountain,9/25/2023 17:09,Portland State University - RMNC,1600 Southwest 4th Avenue,Not Available,Portland,Oregon,97201,US,America/Los_Angeles,L1-0205-2240-004640,9/25/2023 11:17,9/25/2023 17:09,5:51:32,26.2748242,10.25,USD,Portland State University,0:00:02,0:00:02,5:51:30,5:51:32,9/25/2023 10:17,9/25/2023 16:09,5:51:30,kWh,Level 2,6728.832
60,US/Mountain,10/1/2023 20:07,Portland State University,1872 SW Broadway,Not Available,Portland,Oregon,97201,US,America/Los_Angeles,L1-0207-ISO-2240-012964,10/1/2023 16:46,10/1/2023 20:07,3:20:55,11.032207,4.3,USD,Portland State University,0:00:02,0:00:02,3:20:53,3:20:55,10/1/2023 15:46,10/1/2023 19:07,3:20:53,kWh,Level 2,3364.416
61,US/Mountain,9/15/2023 14:48,Portland State University,1872 SW Broadway,Not Available,Portland,Oregon,97201,US,America/Los_Angeles,L1-0205-2240-004536,9/15/2023 9:32,9/15/2023 14:48,5:15:57,33.5845391,13.1,USD,Portland State University,0:00:02,0:00:02,5:15:55,5:15:57,9/15/2023 8:32,9/15/2023 13:48,5:15:55,kWh,Level 2,6670.8576
62,US/Mountain,9/19/2023 16:24,Portland State University,1872 SW Broadway,Not Available,Portland,Oregon,97201,US,America/Los_Angeles,L1-0205-2240-004536,9/19/2023 15:30,9/19/2023 16:24,0:54:30,3.3896953,1.32,USD,Portland State University,0:00:00,0:00:00,0:54:30,0:54:30,9/19/2023 14:30,9/19/2023 15:24,0:54:30,kWh,Level 2,6670.8576
63,US/Mountain,9/19/2023 19:39,Portland State University - RMNC,1600 Southwest 4th Avenue,Not Available,Portland,Oregon,97201,US,America/Los_Angeles,L1-0207-ISO-2240-012498,9/19/2023 18:26,9/19/2023 19:39,1:12:59,6.8843984,2.68,USD,Portland State University,0:00:03,0:00:03,1:12:56,1:12:59,9/19/2023 17:26,9/19/2023 18:39,1:12:56,kWh,Level 2,8640
64,US/Mountain,9/19/2023 18:09,Portland State University,1872 SW Broadway,Not Available,Portland,Oregon,97201,US,America/Los_Angeles,L1-0207-ISO-2240-012964,9/19/2023 17:35,9/19/2023 18:09,0:34:42,1.8158047,0.89,USD,Portland State University,0:00:02,0:00:02,0:34:40,0:34:42,9/19/2023 16:35,9/19/2023 17:09,0:34:40,kWh,Level 2,3364.416
65,US/Mountain,9/19/2023 15:56,Portland State University - Parking One,1872 Southwest Broadway,Not Available,Portland,Oregon,97201,US,America/Los_Angeles,L1-0205-2240-004561,9/19/2023 10:28,9/19/2023 15:56,5:28:11,4.1657187,1.62,USD,Portland State University,3:34:31,3:34:31,1:53:40,5:28:11,9/19/2023 9:28,9/19/2023 14:56,1:53:40,kWh,Level 2,6633.4752
66,US/Mountain,9/19/2023 22:51,Portland State University,1872 SW Broadway,Not Available,Portland,Oregon,97201,US,America/Los_Angeles,L1-0207-ISO-2240-012605,9/19/2023 20:21,9/19/2023 22:51,2:29:47,16.7860391,6.55,USD,Portland State University,0:00:07,0:00:07,2:29:40,2:29:47,9/19/2023 19:21,9/19/2023 21:51,2:29:40,kWh,Level 2,6764.6304
67,US/Mountain,9/16/2023 10:27,Portland State University - RMNC,1600 Southwest 4th Avenue,Not Available,Portland,Oregon,97201,US,America/Los_Angeles,L1-0207-ISO-2240-012498,9/15/2023 14:50,9/16/2023 10:27,19:36:56,12.7026797,4.95,USD,Portland State University,17:01:28,17:01:28,2:35:28,19:36:56,9/15/2023 13:50,9/16/2023 9:27,2:35:28,kWh,Level 2,8640
68,US/Mountain,9/16/2023 10:51,Portland State University,1872 SW Broadway,Not Available,Portland,Oregon,97201,US,America/Los_Angeles,L1-0207-ISO-2240-012964,9/16/2023 10:51,9/16/2023 10:51,0:00:28,0.0135469,0.01,USD,Portland State University,0:00:02,0:00:02,0:00:26,0:00:28,9/16/2023 9:51,9/16/2023 9:51,0:00:26,kWh,Level 2,3364.416
69,US/Mountain,9/16/2023 12:05,Portland State University,1872 SW Broadway,Not Available,Portland,Oregon,97201,US,America/Los_Angeles,L1-0207-ISO-2240-012964,9/16/2023 10:52,9/16/2023 12:05,1:12:59,3.8578047,1.5,USD,Portland State University,0:01:08,0:01:08,1:11:51,1:12:59,9/16/2023 9:52,9/16/2023 11:05,1:11:51,kWh,Level 2,3364.416
70,US/Mountain,9/20/2023 18:52,Portland State University,1872 SW Broadway,Not Available,Portland,Oregon,97201,US,America/Los_Angeles,L1-0207-ISO-2240-012605,9/20/2023 10:41,9/20/2023 18:52,8:11:44,0.0171172,0.01,USD,Portland State University,8:11:07,8:11:07,0:00:37,8:11:44,9/20/2023 9:41,9/20/2023 17:52,0:00:37,kWh,Level 2,6764.6304
71,US/Mountain,9/16/2023 14:36,Portland State University,1872 SW Broadway,Not Available,Portland,Oregon,97201,US,America/Los_Angeles,L1-0205-2240-004638,9/16/2023 13:50,9/16/2023 14:36,0:46:46,4.7644766,1.86,USD,Portland State University,0:00:00,0:00:00,0:46:46,0:46:46,9/16/2023 12:50,9/16/2023 13:36,0:46:46,kWh,Level 2,6775.4016
72,US/Mountain,9/16/2023 15:13,Portland State University,1872 SW Broadway,Not Available,Portland,Oregon,97201,US,America/Los_Angeles,L1-0207-ISO-2240-012964,9/16/2023 15:03,9/16/2023 15:13,0:09:44,0.5282852,0.21,USD,Portland State University,0:00:02,0:00:02,0:09:42,0:09:44,9/16/2023 14:03,9/16/2023 14:13,0:09:42,kWh,Level 2,3364.416
73,US/Mountain,9/21/2023 14:41,Portland State University - Parking One,1872 Southwest Broadway,Not Available,Portland,Oregon,97201,US,America/Los_Angeles,L1-0205-2240-004561,9/21/2023 10:12,9/21/2023 14:41,4:29:04,5.487207,2.14,USD,Portland State University,2:10:12,2:10:12,2:18:52,4:29:04,9/21/2023 9:12,9/21/2023 13:41,2:18:52,kWh,Level 2,6633.4752
74,US/Mountain,9/25/2023 12:41,Portland State University,1872 SW Broadway,Not Available,Portland,Oregon,97201,US,America/Los_Angeles,L1-0207-ISO-2240-012964,9/25/2023 10:23,9/25/2023 12:41,2:17:45,7.4930469,2.92,USD,Portland State University,0:00:04,0:00:04,2:17:41,2:17:45,9/25/2023 9:23,9/25/2023 11:41,2:17:41,kWh,Level 2,3364.416
75,US/Mountain,9/26/2023 13:50,Portland State University - Parking One,1872 Southwest Broadway,Not Available,Portland,Oregon,97201,US,America/Los_Angeles,L1-0205-2240-004561,9/26/2023 10:03,9/26/2023 13:50,3:46:54,4.7260078,1.84,USD,Portland State University,1:44:29,1:44:29,2:02:25,3:46:54,9/26/2023 9:03,9/26/2023 12:50,2:02:25,kWh,Level 2,6633.4752
76,US/Mountain,9/21/2023 22:11,Portland State University - RMNC,1600 Southwest 4th Avenue,Not Available,Portland,Oregon,97201,US,America/Los_Angeles,L1-0207-ISO-2240-012498,9/21/2023 19:37,9/21/2023 22:11,2:34:25,11.5489609,4.5,USD,Portland State University,0:00:38,0:00:38,2:33:47,2:34:25,9/21/2023 18:37,9/21/2023 21:11,2:33:47,kWh,Level 2,8640
77,US/Mountain,9/27/2023 15:39,Portland State University - RMNC,1600 Southwest 4th Avenue,Not Available,Portland,Oregon,97201,US,America/Los_Angeles,L1-0207-ISO-2240-012498,9/27/2023 10:00,9/27/2023 15:39,5:39:30,6.0573789,2.36,USD,Portland State University,3:44:50,3:44:50,1:54:40,5:39:30,9/27/2023 9:00,9/27/2023 14:39,1:54:40,kWh,Level 2,8640
78,US/Mountain,9/27/2023 21:23,Portland State University,1872 SW Broadway,Not Available,Portland,Oregon,97201,US,America/Los_Angeles,L1-0207-ISO-2240-012964,9/27/2023 17:22,9/27/2023 21:23,4:00:48,5.677043,2.21,USD,Portland State University,1:25:27,1:25:27,2:35:21,4:00:48,9/27/2023 16:22,9/27/2023 20:23,2:35:21,kWh,Level 2,3364.416
79,US/Mountain,9/22/2023 10:55,Portland State University,1872 SW Broadway,Not Available,Portland,Oregon,97201,US,America/Los_Angeles,L1-0207-ISO-2240-012964,9/22/2023 9:24,9/22/2023 10:55,1:30:49,4.8314687,1.88,USD,Portland State University,0:00:03,0:00:03,1:30:46,1:30:49,9/22/2023 8:24,9/22/2023 9:55,1:30:46,kWh,Level 2,3364.416
80,US/Mountain,9/25/2023 21:37,Portland State University,1872 SW Broadway,Not Available,Portland,Oregon,97201,US,America/Los_Angeles,L1-0205-2240-004638,9/25/2023 18:24,9/25/2023 21:37,3:13:12,20.4890195,7.99,USD,Portland State University,0:00:00,0:00:00,3:13:12,3:13:12,9/25/2023 17:24,9/25/2023 20:37,3:13:12,kWh,Level 2,6775.4016
81,US/Mountain,9/27/2023 17:48,Portland State University - RMNC,1600 Southwest 4th Avenue,Not Available,Portland,Oregon,97201,US,America/Los_Angeles,L1-0205-2240-004640,9/27/2023 12:36,9/27/2023 17:48,5:11:53,22.2800781,8.69,USD,Portland State University,0:00:14,0:00:14,5:11:39,5:11:53,9/27/2023 11:36,9/27/2023 16:48,5:11:39,kWh,Level 2,6728.832
82,US/Mountain,9/26/2023 19:05,Portland State University - RMNC,1600 Southwest 4th Avenue,Not Available,Portland,Oregon,97201,US,America/Los_Angeles,L1-0207-ISO-2240-012498,9/26/2023 14:36,9/26/2023 19:05,4:28:16,27.8670312,10.87,USD,Portland State University,0:00:03,0:00:03,4:28:13,4:28:16,9/26/2023 13:36,9/26/2023 18:05,4:28:13,kWh,Level 2,8640
83,US/Mountain,9/26/2023 16:23,Portland State University,1872 SW Broadway,Not Available,Portland,Oregon,97201,US,America/Los_Angeles,L1-0207-ISO-2240-012964,9/26/2023 9:27,9/26/2023 16:23,6:55:48,10.6581758,4.16,USD,Portland State University,1:09:26,1:09:26,5:46:22,6:55:48,9/26/2023 8:27,9/26/2023 15:23,5:46:22,kWh,Level 2,3364.416
84,US/Mountain,9/26/2023 14:36,Portland State University - RMNC,1600 Southwest 4th Avenue,Not Available,Portland,Oregon,97201,US,America/Los_Angeles,L1-0207-ISO-2240-012498,9/26/2023 14:33,9/26/2023 14:36,0:02:25,0.1316719,0.05,USD,Portland State University,0:01:06,0:01:06,0:01:19,0:02:25,9/26/2023 13:33,9/26/2023 13:36,0:01:19,kWh,Level 2,8640
85,US/Mountain,9/22/2023 13:43,Portland State University,1872 SW Broadway,Not Available,Portland,Oregon,97201,US,America/Los_Angeles,L1-0205-2240-004638,9/22/2023 12:05,9/22/2023 13:43,1:37:53,10.3833516,5.09,USD,Portland State University,0:00:05,0:00:05,1:37:48,1:37:53,9/22/2023 11:05,9/22/2023 12:43,1:37:48,kWh,Level 2,6775.4016
86,US/Mountain,9/22/2023 14:38,Portland State University - RMNC,1600 Southwest 4th Avenue,Not Available,Portland,Oregon,97201,US,America/Los_Angeles,L1-0207-ISO-2240-012498,9/22/2023 13:10,9/22/2023 14:38,1:27:56,8.2246523,3.21,USD,Portland State University,0:00:03,0:00:03,1:27:53,1:27:56,9/22/2023 12:10,9/22/2023 13:38,1:27:53,kWh,Level 2,8640
87,US/Mountain,9/22/2023 16:15,Portland State University,1872 SW Broadway,Not Available,Portland,Oregon,97201,US,America/Los_Angeles,L1-0207-ISO-2240-012605,9/22/2023 13:42,9/22/2023 16:15,2:33:24,16.1569805,7.92,USD,Portland State University,0:00:36,0:00:36,2:32:48,2:33:24,9/22/2023 12:42,9/22/2023 15:15,2:32:48,kWh,Level 2,6764.6304
88,US/Mountain,9/22/2023 18:04,Portland State University,1872 SW Broadway,Not Available,Portland,Oregon,97201,US,America/Los_Angeles,L1-0205-2240-004536,9/22/2023 13:47,9/22/2023 18:04,4:16:11,27.2742539,13.36,USD,Portland State University,0:00:02,0:00:02,4:16:09,4:16:11,9/22/2023 12:47,9/22/2023 17:04,4:16:09,kWh,Level 2,6670.8576
89,US/Mountain,9/26/2023 18:21,Portland State University,1872 SW Broadway,Not Available,Portland,Oregon,97201,US,America/Los_Angeles,L1-0205-2240-004536,9/26/2023 9:53,9/26/2023 18:21,8:27:32,8.0683242,3.15,USD,Portland State University,5:45:28,5:45:28,2:42:04,8:27:32,9/26/2023 8:53,9/26/2023 17:21,2:42:04,kWh,Level 2,6670.8576
90,US/Mountain,9/22/2023 18:06,Portland State University,1872 SW Broadway,Not Available,Portland,Oregon,97201,US,America/Los_Angeles,L1-0205-2240-004638,9/22/2023 17:01,9/22/2023 18:06,1:04:18,7.0849922,3.47,USD,Portland State University,0:00:04,0:00:04,1:04:14,1:04:18,9/22/2023 16:01,9/22/2023 17:06,1:04:14,kWh,Level 2,6775.4016
91,US/Mountain,9/22/2023 20:04,Portland State University,1872 SW Broadway,Not Available,Portland,Oregon,97201,US,America/Los_Angeles,L1-0207-ISO-2240-012964,9/22/2023 18:26,9/22/2023 20:04,1:38:19,4.8792148,2.39,USD,Portland State University,0:00:18,0:00:18,1:38:01,1:38:19,9/22/2023 17:26,9/22/2023 19:04,1:38:01,kWh,Level 2,3364.416
92,US/Mountain,9/22/2023 22:35,Portland State University,1872 SW Broadway,Not Available,Portland,Oregon,97201,US,America/Los_Angeles,L1-0205-2240-004536,9/22/2023 19:44,9/22/2023 22:35,2:51:19,17.2804648,6.74,USD,Portland State University,0:00:10,0:00:10,2:51:09,2:51:19,9/22/2023 18:44,9/22/2023 21:35,2:51:09,kWh,Level 2,6670.8576
93,US/Mountain,9/23/2023 15:39,Portland State University,1872 SW Broadway,Not Available,Portland,Oregon,97201,US,America/Los_Angeles,L1-0207-ISO-2240-012605,9/23/2023 9:38,9/23/2023 15:39,6:01:02,37.5573789,18.4,USD,Portland State University,0:00:03,0:00:03,6:00:59,6:01:02,9/23/2023 8:38,9/23/2023 14:39,6:00:59,kWh,Level 2,6764.6304
94,US/Mountain,9/23/2023 12:42,Portland State University - RMNC,1600 Southwest 4th Avenue,Not Available,Portland,Oregon,97201,US,America/Los_Angeles,L1-0207-ISO-2240-012498,9/23/2023 11:54,9/23/2023 12:42,0:48:25,4.1556758,1.62,USD,Portland State University,0:00:03,0:00:03,0:48:22,0:48:25,9/23/2023 10:54,9/23/2023 11:42,0:48:22,kWh,Level 2,8640
95,US/Mountain,9/16/2023 15:36,Portland State University - RMNC,1600 Southwest 4th Avenue,Not Available,Portland,Oregon,97201,US,America/Los_Angeles,L1-0205-2240-004640,9/16/2023 13:33,9/16/2023 15:36,2:03:12,12.5814609,4.91,USD,Portland State University,0:00:00,0:00:00,2:03:12,2:03:12,9/16/2023 12:33,9/16/2023 14:36,2:03:12,kWh,Level 2,6728.832
96,US/Mountain,9/23/2023 14:38,Portland State University - RMNC,1600 Southwest 4th Avenue,Not Available,Portland,Oregon,97201,US,America/Los_Angeles,L1-0205-2240-004640,9/23/2023 12:32,9/23/2023 14:38,2:05:43,12.3895469,4.83,USD,Portland State University,0:00:00,0:00:00,2:05:43,2:05:43,9/23/2023 11:32,9/23/2023 13:38,2:05:43,kWh,Level 2,6728.832
97,US/Mountain,9/23/2023 13:32,Portland State University,1872 SW Broadway,Not Available,Portland,Oregon,97201,US,America/Los_Angeles,L1-0205-2240-004638,9/23/2023 12:53,9/23/2023 13:32,0:38:57,2.1522812,0.84,USD,Portland State University,0:00:07,0:00:07,0:38:50,0:38:57,9/23/2023 11:53,9/23/2023 12:32,0:38:50,kWh,Level 2,6775.4016
98,US/Mountain,9/23/2023 14:42,Portland State University,1872 SW Broadway,Not Available,Portland,Oregon,97201,US,America/Los_Angeles,L1-0207-ISO-2240-012964,9/23/2023 13:00,9/23/2023 14:42,1:41:58,3.9377812,1.53,USD,Portland State University,0:00:03,0:00:03,1:41:55,1:41:58,9/23/2023 12:00,9/23/2023 13:42,1:41:55,kWh,Level 2,3364.416
99,US/Mountain,10/15/2023 15:29,Portland State University,1872 SW Broadway,Not Available,Portland,Oregon,97201,US,America/Los_Angeles,L1-0205-2240-004536,10/15/2023 11:33,10/15/2023 15:29,3:55:27,24.5567852,9.58,USD,Portland State University,0:00:00,0:00:00,3:55:27,3:55:27,10/15/2023 10:33,10/15/2023 14:29,3:55:27,kWh,Level 2,6670.8576
100,US/Mountain,9/23/2023 15:09,Portland State University,1872 SW Broadway,Not Available,Portland,Oregon,97201,US,America/Los_Angeles,L1-0205-2240-004536,9/23/2023 13:18,9/23/2023 15:09,1:50:57,9.077832,3.54,USD,Portland State University,0:00:02,0:00:02,1:50:55,1:50:57,9/23/2023 12:18,9/23/2023 14:09,1:50:55,kWh,Level 2,6670.8576
101,US/Mountain,10/2/2023 11:33,Portland State University,1872 SW Broadway,Not Available,Portland,Oregon,97201,US,America/Los_Angeles,L1-0205-2240-004638,10/2/2023 11:30,10/2/2023 11:33,0:03:35,0,0,USD,Portland State University,0:03:35,0:03:35,0:00:00,0:03:35,10/2/2023 10:30,10/2/2023 10:33,0:00:00,kWh,Level 2,6775.4016
102,US/Mountain,9/28/2023 14:47,Portland State University - Parking One,1872 Southwest Broadway,Not Available,Portland,Oregon,97201,US,America/Los_Angeles,L1-0205-2240-004561,9/28/2023 10:37,9/28/2023 14:47,4:10:23,4.4468516,1.73,USD,Portland State University,2:11:03,2:11:03,1:59:20,4:10:23,9/28/2023 9:37,9/28/2023 13:47,1:59:20,kWh,Level 2,6633.4752
103,US/Mountain,9/28/2023 17:54,Portland State University,1872 SW Broadway,Not Available,Portland,Oregon,97201,US,America/Los_Angeles,L1-0205-2240-004536,9/28/2023 10:00,9/28/2023 17:54,7:53:53,8.6677852,3.38,USD,Portland State University,5:25:04,5:25:04,2:28:49,7:53:53,9/28/2023 9:00,9/28/2023 16:54,2:28:49,kWh,Level 2,6670.8576
104,US/Mountain,9/24/2023 0:11,Portland State University - RMNC,1600 Southwest 4th Avenue,Not Available,Portland,Oregon,97201,US,America/Los_Angeles,L1-0205-2240-004640,9/23/2023 20:03,9/24/2023 0:11,4:08:32,25.4379492,9.92,USD,Portland State University,0:00:00,0:00:00,4:08:32,4:08:32,9/23/2023 19:03,9/23/2023 23:11,4:08:32,kWh,Level 2,6728.832
105,US/Mountain,9/24/2023 15:37,Portland State University - RMNC,1600 Southwest 4th Avenue,Not Available,Portland,Oregon,97201,US,America/Los_Angeles,L1-0207-ISO-2240-012498,9/24/2023 12:19,9/24/2023 15:37,3:17:48,20.100457,9.85,USD,Portland State University,0:00:03,0:00:03,3:17:45,3:17:48,9/24/2023 11:19,9/24/2023 14:37,3:17:45,kWh,Level 2,8640
106,US/Mountain,9/24/2023 12:35,Portland State University,1872 SW Broadway,Not Available,Portland,Oregon,97201,US,America/Los_Angeles,L1-0207-ISO-2240-012964,9/24/2023 12:21,9/24/2023 12:35,0:14:03,0.7449922,0.36,USD,Portland State University,0:00:03,0:00:03,0:14:00,0:14:03,9/24/2023 11:21,9/24/2023 11:35,0:14:00,kWh,Level 2,3364.416
107,US/Mountain,10/4/2023 18:19,Portland State University,1872 SW Broadway,Not Available,Portland,Oregon,97201,US,America/Los_Angeles,L1-0207-ISO-2240-012964,10/4/2023 17:14,10/4/2023 18:19,1:04:52,3.5404453,1.38,USD,Portland State University,0:00:02,0:00:02,1:04:50,1:04:52,10/4/2023 16:14,10/4/2023 17:19,1:04:50,kWh,Level 2,3364.416
108,US/Mountain,9/28/2023 20:34,Portland State University - RMNC,1600 Southwest 4th Avenue,Not Available,Portland,Oregon,97201,US,America/Los_Angeles,L1-0207-ISO-2240-012498,9/28/2023 18:35,9/28/2023 20:34,1:58:27,11.6290859,4.54,USD,Portland State University,0:00:03,0:00:03,1:58:24,1:58:27,9/28/2023 17:35,9/28/2023 19:34,1:58:24,kWh,Level 2,8640
109,US/Mountain,10/3/2023 14:32,Portland State University - Parking One,1872 Southwest Broadway,Not Available,Portland,Oregon,97201,US,America/Los_Angeles,L1-0205-2240-004561,10/3/2023 9:59,10/3/2023 14:32,4:32:17,4.860918,1.9,USD,Portland State University,2:22:34,2:22:34,2:09:43,4:32:17,10/3/2023 8:59,10/3/2023 13:32,2:09:43,kWh,Level 2,6633.4752
110,US/Mountain,10/3/2023 14:00,Portland State University - RMNC,1600 Southwest 4th Avenue,Not Available,Portland,Oregon,97201,US,America/Los_Angeles,L1-0207-ISO-2240-012498,10/3/2023 10:16,10/3/2023 14:00,3:44:32,6.2991406,2.46,USD,Portland State University,1:32:36,1:32:36,2:11:56,3:44:32,10/3/2023 9:16,10/3/2023 13:00,2:11:56,kWh,Level 2,8640
111,US/Mountain,10/2/2023 13:25,Portland State University,1872 SW Broadway,Not Available,Portland,Oregon,97201,US,America/Los_Angeles,L1-0207-ISO-2240-012964,10/2/2023 9:16,10/2/2023 13:25,4:08:45,10.2562187,4,USD,Portland State University,0:11:51,0:11:51,3:56:54,4:08:45,10/2/2023 8:16,10/2/2023 12:25,3:56:54,kWh,Level 2,3364.416
112,US/Mountain,9/29/2023 14:01,Portland State University - RMNC,1600 Southwest 4th Avenue,Not Available,Portland,Oregon,97201,US,America/Los_Angeles,L1-0207-ISO-2240-012498,9/29/2023 9:55,9/29/2023 14:01,4:05:40,19.3165352,7.53,USD,Portland State University,0:00:12,0:00:12,4:05:28,4:05:40,9/29/2023 8:55,9/29/2023 13:01,4:05:28,kWh,Level 2,8640
113,US/Mountain,9/29/2023 11:54,Portland State University,1872 SW Broadway,Not Available,Portland,Oregon,97201,US,America/Los_Angeles,L1-0205-2240-004638,9/29/2023 10:04,9/29/2023 11:53,1:49:07,6.3380273,2.47,USD,Portland State University,0:00:02,0:00:02,1:49:05,1:49:07,9/29/2023 9:04,9/29/2023 10:53,1:49:05,kWh,Level 2,6775.4016
114,US/Mountain,10/2/2023 16:02,Portland State University - RMNC,1600 Southwest 4th Avenue,Not Available,Portland,Oregon,97201,US,America/Los_Angeles,L1-0207-ISO-2240-012498,10/2/2023 12:58,10/2/2023 16:02,3:03:22,18.6781719,7.28,USD,Portland State University,0:00:10,0:00:10,3:03:12,3:03:22,10/2/2023 11:58,10/2/2023 15:02,3:03:12,kWh,Level 2,8640
115,US/Mountain,10/4/2023 14:30,Portland State University,1872 SW Broadway,Not Available,Portland,Oregon,97201,US,America/Los_Angeles,L1-0207-ISO-2240-012964,10/4/2023 12:29,10/4/2023 14:30,2:01:08,4.446332,1.73,USD,Portland State University,0:01:36,0:01:36,1:59:32,2:01:08,10/4/2023 11:29,10/4/2023 13:30,1:59:32,kWh,Level 2,3364.416
116,US/Mountain,9/29/2023 13:41,Portland State University,1872 SW Broadway,Not Available,Portland,Oregon,97201,US,America/Los_Angeles,L1-0207-ISO-2240-012605,9/29/2023 10:51,9/29/2023 13:41,2:50:21,1.9577344,0.76,USD,Portland State University,1:29:54,1:29:54,1:20:27,2:50:21,9/29/2023 9:51,9/29/2023 12:41,1:20:27,kWh,Level 2,6764.6304
117,US/Mountain,10/22/2023 16:37,Portland State University,1872 SW Broadway,Not Available,Portland,Oregon,97201,US,America/Los_Angeles,L1-0207-ISO-2240-012964,10/22/2023 12:38,10/22/2023 16:36,3:58:36,13.2401641,5.16,USD,Portland State University,0:00:02,0:00:02,3:58:34,3:58:36,10/22/2023 11:38,10/22/2023 15:36,3:58:34,kWh,Level 2,3364.416
118,US/Mountain,9/29/2023 14:32,Portland State University - RMNC,1600 Southwest 4th Avenue,Not Available,Portland,Oregon,97201,US,America/Los_Angeles,L1-0205-2240-004640,9/29/2023 12:10,9/29/2023 14:32,2:22:15,8.5275352,3.33,USD,Portland State University,0:00:02,0:00:02,2:22:13,2:22:15,9/29/2023 11:10,9/29/2023 13:32,2:22:13,kWh,Level 2,6728.832
119,US/Mountain,10/4/2023 14:16,Portland State University - Parking One,1872 Southwest Broadway,Not Available,Portland,Oregon,97201,US,America/Los_Angeles,L1-0205-2240-004561,10/4/2023 9:14,10/4/2023 14:16,5:01:48,4.0505703,1.58,USD,Portland State University,3:07:26,3:07:26,1:54:22,5:01:48,10/4/2023 8:14,10/4/2023 13:16,1:54:22,kWh,Level 2,6633.4752
120,US/Mountain,10/4/2023 18:45,Portland State University,1872 SW Broadway,Not Available,Portland,Oregon,97201,US,America/Los_Angeles,L1-0207-ISO-2240-012605,10/4/2023 9:18,10/4/2023 18:45,9:27:11,53.1210195,26.03,USD,Portland State University,0:00:04,0:00:04,9:27:07,9:27:11,10/4/2023 8:18,10/4/2023 17:45,9:27:07,kWh,Level 2,6764.6304
121,US/Mountain,10/2/2023 13:58,Portland State University,1872 SW Broadway,Not Available,Portland,Oregon,97201,US,America/Los_Angeles,L1-0205-2240-004638,10/2/2023 11:36,10/2/2023 13:58,2:21:35,0,0,USD,Portland State University,2:21:35,2:21:35,0:00:00,2:21:35,10/2/2023 10:36,10/2/2023 12:58,0:00:00,kWh,Level 2,6775.4016
122,US/Mountain,10/3/2023 14:55,Portland State University,1872 SW Broadway,Not Available,Portland,Oregon,97201,US,America/Los_Angeles,L1-0205-2240-004638,10/3/2023 12:49,10/3/2023 14:55,2:06:43,5.8953555,2.3,USD,Portland State University,1:06:29,1:06:29,1:00:14,2:06:43,10/3/2023 11:49,10/3/2023 13:55,1:00:14,kWh,Level 2,6775.4016
123,US/Mountain,9/30/2023 15:11,Portland State University,1872 SW Broadway,Not Available,Portland,Oregon,97201,US,America/Los_Angeles,L1-0205-2240-004638,9/30/2023 2:32,9/30/2023 15:11,12:38:53,27.8857734,10.88,USD,Portland State University,7:13:01,7:13:01,5:25:52,12:38:53,9/30/2023 1:32,9/30/2023 14:11,5:25:52,kWh,Level 2,6775.4016
124,US/Mountain,9/30/2023 11:48,Portland State University,1872 SW Broadway,Not Available,Portland,Oregon,97201,US,America/Los_Angeles,L1-0207-ISO-2240-012964,9/30/2023 10:47,9/30/2023 11:48,1:00:44,2.8997891,1.42,USD,Portland State University,0:00:03,0:00:03,1:00:41,1:00:44,9/30/2023 9:47,9/30/2023 10:48,1:00:41,kWh,Level 2,3364.416
125,US/Mountain,9/30/2023 13:30,Portland State University,1872 SW Broadway,Not Available,Portland,Oregon,97201,US,America/Los_Angeles,L1-0205-2240-004536,9/30/2023 11:33,9/30/2023 13:30,1:57:05,9.2354375,3.6,USD,Portland State University,0:00:02,0:00:02,1:57:03,1:57:05,9/30/2023 10:33,9/30/2023 12:30,1:57:03,kWh,Level 2,6670.8576
126,US/Mountain,9/30/2023 13:30,Portland State University,1872 SW Broadway,Not Available,Portland,Oregon,97201,US,America/Los_Angeles,L1-0207-ISO-2240-012964,9/30/2023 12:15,9/30/2023 13:30,1:15:05,2.6365508,1.29,USD,Portland State University,0:00:08,0:00:08,1:14:57,1:15:05,9/30/2023 11:15,9/30/2023 12:30,1:14:57,kWh,Level 2,3364.416
127,US/Mountain,9/30/2023 13:28,Portland State University,1872 SW Broadway,Not Available,Portland,Oregon,97201,US,America/Los_Angeles,L1-0207-ISO-2240-012605,9/30/2023 12:41,9/30/2023 13:28,0:46:34,2.4649102,0.96,USD,Portland State University,0:00:38,0:00:38,0:45:56,0:46:34,9/30/2023 11:41,9/30/2023 12:28,0:45:56,kWh,Level 2,6764.6304
128,US/Mountain,10/3/2023 18:09,Portland State University,1872 SW Broadway,Not Available,Portland,Oregon,97201,US,America/Los_Angeles,L1-0205-2240-004536,10/3/2023 9:58,10/3/2023 18:09,8:10:53,10.4539453,4.08,USD,Portland State University,5:25:56,5:25:56,2:44:57,8:10:53,10/3/2023 8:58,10/3/2023 17:09,2:44:57,kWh,Level 2,6670.8576
129,US/Mountain,9/30/2023 17:48,Portland State University - RMNC,1600 Southwest 4th Avenue,Not Available,Portland,Oregon,97201,US,America/Los_Angeles,L1-0205-2240-004640,9/30/2023 13:28,9/30/2023 17:48,4:20:09,20.1468164,7.86,USD,Portland State University,0:00:02,0:00:02,4:20:07,4:20:09,9/30/2023 12:28,9/30/2023 16:48,4:20:07,kWh,Level 2,6728.832
130,US/Mountain,10/15/2023 19:38,Portland State University,1872 SW Broadway,Not Available,Portland,Oregon,97201,US,America/Los_Angeles,L1-0207-ISO-2240-012605,10/15/2023 12:29,10/15/2023 19:38,7:08:45,46.0493398,22.56,USD,Portland State University,0:00:04,0:00:04,7:08:41,7:08:45,10/15/2023 11:29,10/15/2023 18:38,7:08:41,kWh,Level 2,6764.6304
131,US/Mountain,9/30/2023 15:13,Portland State University - RMNC,1600 Southwest 4th Avenue,Not Available,Portland,Oregon,97201,US,America/Los_Angeles,L1-0207-ISO-2240-012498,9/30/2023 13:04,9/30/2023 15:13,2:09:01,8.018625,3.13,USD,Portland State University,0:00:03,0:00:03,2:08:58,2:09:01,9/30/2023 12:04,9/30/2023 14:13,2:08:58,kWh,Level 2,8640
132,US/Mountain,9/30/2023 22:57,Portland State University,1872 SW Broadway,Not Available,Portland,Oregon,97201,US,America/Los_Angeles,L1-0207-ISO-2240-012964,9/30/2023 19:38,9/30/2023 22:57,3:19:06,10.9242813,4.26,USD,Portland State University,0:00:02,0:00:02,3:19:04,3:19:06,9/30/2023 18:38,9/30/2023 21:57,3:19:04,kWh,Level 2,3364.416
133,US/Mountain,10/4/2023 20:34,Portland State University,1872 SW Broadway,Not Available,Portland,Oregon,97201,US,America/Los_Angeles,L1-0205-2240-004638,10/4/2023 16:21,10/4/2023 20:34,4:12:37,16.3934961,6.39,USD,Portland State University,0:00:00,0:00:00,4:12:37,4:12:37,10/4/2023 15:21,10/4/2023 19:34,4:12:37,kWh,Level 2,6775.4016
134,US/Mountain,10/1/2023 11:36,Portland State University,1872 SW Broadway,Not Available,Portland,Oregon,97201,US,America/Los_Angeles,L1-0205-2240-004638,9/30/2023 22:33,10/1/2023 11:36,13:03:25,33.317418,12.99,USD,Portland State University,6:43:30,6:43:30,6:19:55,13:03:25,9/30/2023 21:33,10/1/2023 10:36,6:19:55,kWh,Level 2,6775.4016
135,US/Mountain,10/5/2023 18:21,Portland State University - Parking One,1872 Southwest Broadway,Not Available,Portland,Oregon,97201,US,America/Los_Angeles,L1-0205-2240-004561,10/5/2023 9:58,10/5/2023 18:21,8:23:16,4.2015078,1.64,USD,Portland State University,5:58:47,5:58:47,2:24:29,8:23:16,10/5/2023 8:58,10/5/2023 17:21,2:24:29,kWh,Level 2,6633.4752
136,US/Mountain,10/5/2023 12:45,Portland State University,1872 SW Broadway,Not Available,Portland,Oregon,97201,US,America/Los_Angeles,L1-0205-2240-004536,10/5/2023 10:32,10/5/2023 12:45,2:12:10,8.9267266,3.48,USD,Portland State University,0:00:02,0:00:02,2:12:08,2:12:10,10/5/2023 9:32,10/5/2023 11:45,2:12:08,kWh,Level 2,6670.8576
137,US/Mountain,10/5/2023 16:49,Portland State University,1872 SW Broadway,Not Available,Portland,Oregon,97201,US,America/Los_Angeles,L1-0207-ISO-2240-012605,10/5/2023 12:53,10/5/2023 16:48,3:55:17,12.4819102,4.87,USD,Portland State University,1:48:34,1:48:34,2:06:43,3:55:17,10/5/2023 11:53,10/5/2023 15:48,2:06:43,kWh,Level 2,6764.6304
138,US/Mountain,10/11/2023 22:15,Portland State University,1872 SW Broadway,Not Available,Portland,Oregon,97201,US,America/Los_Angeles,L1-0205-2240-004536,10/11/2023 10:13,10/11/2023 22:15,12:02:04,7.6680234,2.99,USD,Portland State University,9:36:06,9:36:06,2:25:58,12:02:04,10/11/2023 9:13,10/11/2023 21:15,2:25:58,kWh,Level 2,6670.8576
139,US/Mountain,10/11/2023 23:08,Portland State University,1872 SW Broadway,Not Available,Portland,Oregon,97201,US,America/Los_Angeles,L1-0207-ISO-2240-012605,10/11/2023 21:11,10/11/2023 23:08,1:56:40,11.7226641,4.57,USD,Portland State University,0:00:04,0:00:04,1:56:36,1:56:40,10/11/2023 20:11,10/11/2023 22:08,1:56:36,kWh,Level 2,6764.6304
140,US/Mountain,10/5/2023 14:15,Portland State University - RMNC,1600 Southwest 4th Avenue,Not Available,Portland,Oregon,97201,US,America/Los_Angeles,L1-0207-ISO-2240-012498,10/5/2023 9:59,10/5/2023 14:15,4:16:06,25.9654844,10.13,USD,Portland State University,0:00:12,0:00:12,4:15:54,4:16:06,10/5/2023 8:59,10/5/2023 13:15,4:15:54,kWh,Level 2,8640
141,US/Mountain,10/5/2023 18:13,Portland State University,1872 SW Broadway,Not Available,Portland,Oregon,97201,US,America/Los_Angeles,L1-0205-2240-004536,10/5/2023 14:37,10/5/2023 18:13,3:36:17,3.3337656,1.3,USD,Portland State University,2:19:34,2:19:34,1:16:43,3:36:17,10/5/2023 13:37,10/5/2023 17:13,1:16:43,kWh,Level 2,6670.8576
142,US/Mountain,10/11/2023 10:49,Portland State University,1872 SW Broadway,Not Available,Portland,Oregon,97201,US,America/Los_Angeles,L1-0205-2240-004638,10/5/2023 16:48,10/11/2023 10:45,137:57:44,64.1794805,25.03,USD,Portland State University,126:57:43,126:57:43,11:00:01,137:57:44,10/5/2023 15:48,10/11/2023 9:45,11:00:01,kWh,Level 2,6775.4016
143,US/Mountain,10/11/2023 19:03,Portland State University,1872 SW Broadway,Not Available,Portland,Oregon,97201,US,America/Los_Angeles,L1-0207-ISO-2240-012964,10/11/2023 15:28,10/11/2023 19:03,3:35:11,6.1192578,2.39,USD,Portland State University,0:38:47,0:38:47,2:56:24,3:35:11,10/11/2023 14:28,10/11/2023 18:03,2:56:24,kWh,Level 2,3364.416
144,US/Mountain,10/9/2023 14:35,Portland State University - RMNC,1600 Southwest 4th Avenue,Not Available,Portland,Oregon,97201,US,America/Los_Angeles,L1-0207-ISO-2240-012498,10/9/2023 12:21,10/9/2023 14:35,2:14:14,9.8026367,3.82,USD,Portland State University,0:00:02,0:00:02,2:14:12,2:14:14,10/9/2023 11:21,10/9/2023 13:35,2:14:12,kWh,Level 2,8640
145,US/Mountain,10/10/2023 18:47,Portland State University - RMNC,1600 Southwest 4th Avenue,Not Available,Portland,Oregon,97201,US,America/Los_Angeles,L1-0205-2240-004640,10/10/2023 9:50,10/10/2023 18:47,8:57:11,6.2159805,2.42,USD,Portland State University,6:47:42,6:47:42,2:09:29,8:57:11,10/10/2023 8:50,10/10/2023 17:47,2:09:29,kWh,Level 2,6728.832
146,US/Mountain,10/10/2023 16:58,Portland State University - Parking One,1872 Southwest Broadway,Not Available,Portland,Oregon,97201,US,America/Los_Angeles,L1-0205-2240-004561,10/10/2023 9:52,10/10/2023 16:58,7:06:03,4.6265664,1.8,USD,Portland State University,4:37:37,4:37:37,2:28:26,7:06:03,10/10/2023 8:52,10/10/2023 15:58,2:28:26,kWh,Level 2,6633.4752
147,US/Mountain,10/5/2023 22:09,Portland State University,1872 SW Broadway,Not Available,Portland,Oregon,97201,US,America/Los_Angeles,L1-0207-ISO-2240-012964,10/5/2023 18:29,10/5/2023 22:09,3:40:07,0,0,USD,Portland State University,3:40:07,3:40:07,0:00:00,3:40:07,10/5/2023 17:29,10/5/2023 21:09,0:00:00,kWh,Level 2,3364.416
148,US/Mountain,10/10/2023 19:34,Portland State University - RMNC,1600 Southwest 4th Avenue,Not Available,Portland,Oregon,97201,US,America/Los_Angeles,L1-0207-ISO-2240-012498,10/10/2023 18:18,10/10/2023 19:34,1:15:38,5.874418,2.29,USD,Portland State University,0:00:03,0:00:03,1:15:35,1:15:38,10/10/2023 17:18,10/10/2023 18:34,1:15:35,kWh,Level 2,8640
149,US/Mountain,10/6/2023 12:35,Portland State University,1872 SW Broadway,Not Available,Portland,Oregon,97201,US,America/Los_Angeles,L1-0205-2240-004536,10/6/2023 9:30,10/6/2023 12:34,3:04:13,6.9796602,2.72,USD,Portland State University,0:56:59,0:56:59,2:07:14,3:04:13,10/6/2023 8:30,10/6/2023 11:34,2:07:14,kWh,Level 2,6670.8576
150,US/Mountain,10/9/2023 19:07,Portland State University,1872 SW Broadway,Not Available,Portland,Oregon,97201,US,America/Los_Angeles,L1-0205-2240-004536,10/9/2023 15:06,10/9/2023 19:07,4:01:04,24.6713945,12.09,USD,Portland State University,0:12:12,0:12:12,3:48:52,4:01:04,10/9/2023 14:06,10/9/2023 18:07,3:48:52,kWh,Level 2,6670.8576
151,US/Mountain,10/11/2023 16:39,Portland State University - RMNC,1600 Southwest 4th Avenue,Not Available,Portland,Oregon,97201,US,America/Los_Angeles,L1-0205-2240-004640,10/11/2023 11:35,10/11/2023 16:39,5:04:29,30.3532539,11.84,USD,Portland State University,0:08:22,0:08:22,4:56:07,5:04:29,10/11/2023 10:35,10/11/2023 15:39,4:56:07,kWh,Level 2,6728.832
152,US/Mountain,10/10/2023 16:03,Portland State University,1872 SW Broadway,Not Available,Portland,Oregon,97201,US,America/Los_Angeles,L1-0207-ISO-2240-012964,10/10/2023 14:55,10/10/2023 16:03,1:08:33,3.5574414,1.39,USD,Portland State University,0:00:02,0:00:02,1:08:31,1:08:33,10/10/2023 13:55,10/10/2023 15:03,1:08:31,kWh,Level 2,3364.416
153,US/Mountain,10/11/2023 16:40,Portland State University,1872 SW Broadway,Not Available,Portland,Oregon,97201,US,America/Los_Angeles,L1-0205-2240-004638,10/11/2023 10:51,10/11/2023 16:40,5:49:41,5.0486055,1.97,USD,Portland State University,4:52:26,4:52:26,0:57:15,5:49:41,10/11/2023 9:51,10/11/2023 15:40,0:57:15,kWh,Level 2,6775.4016
154,US/Mountain,10/11/2023 14:28,Portland State University,1872 SW Broadway,Not Available,Portland,Oregon,97201,US,America/Los_Angeles,L1-0207-ISO-2240-012964,10/11/2023 10:46,10/11/2023 14:28,3:42:00,7.5323086,3.69,USD,Portland State University,0:00:05,0:00:05,3:41:55,3:42:00,10/11/2023 9:46,10/11/2023 13:28,3:41:55,kWh,Level 2,3364.416
155,US/Mountain,10/9/2023 14:30,Portland State University,1872 SW Broadway,Not Available,Portland,Oregon,97201,US,America/Los_Angeles,L1-0207-ISO-2240-012964,10/9/2023 10:09,10/9/2023 14:30,4:20:40,6.4978867,2.53,USD,Portland State University,0:55:27,0:55:27,3:25:13,4:20:40,10/9/2023 9:09,10/9/2023 13:30,3:25:13,kWh,Level 2,3364.416
156,US/Mountain,10/6/2023 18:56,Portland State University - RMNC,1600 Southwest 4th Avenue,Not Available,Portland,Oregon,97201,US,America/Los_Angeles,L1-0207-ISO-2240-012498,10/6/2023 18:24,10/6/2023 18:55,0:31:34,3.0110547,1.17,USD,Portland State University,0:00:04,0:00:04,0:31:30,0:31:34,10/6/2023 17:24,10/6/2023 17:55,0:31:30,kWh,Level 2,8640
157,US/Mountain,10/12/2023 18:36,Portland State University - RMNC,1600 Southwest 4th Avenue,Not Available,Portland,Oregon,97201,US,America/Los_Angeles,L1-0205-2240-004640,10/12/2023 9:26,10/12/2023 18:36,9:10:06,4.2439023,1.66,USD,Portland State University,7:37:29,7:37:29,1:32:37,9:10:06,10/12/2023 8:26,10/12/2023 17:36,1:32:37,kWh,Level 2,6728.832
158,US/Mountain,10/7/2023 21:13,Portland State University,1872 SW Broadway,Not Available,Portland,Oregon,97201,US,America/Los_Angeles,L1-0205-2240-004536,10/7/2023 11:07,10/7/2023 21:13,10:05:28,10.6818125,5.23,USD,Portland State University,7:24:29,7:24:29,2:40:59,10:05:28,10/7/2023 10:07,10/7/2023 20:13,2:40:59,kWh,Level 2,6670.8576
159,US/Mountain,10/7/2023 11:27,Portland State University,1872 SW Broadway,Not Available,Portland,Oregon,97201,US,America/Los_Angeles,L1-0207-ISO-2240-012964,10/7/2023 11:05,10/7/2023 11:27,0:21:47,0.7477227,0.29,USD,Portland State University,0:00:05,0:00:05,0:21:42,0:21:47,10/7/2023 10:05,10/7/2023 10:27,0:21:42,kWh,Level 2,3364.416
160,US/Mountain,10/7/2023 12:50,Portland State University - RMNC,1600 Southwest 4th Avenue,Not Available,Portland,Oregon,97201,US,America/Los_Angeles,L1-0207-ISO-2240-012498,10/7/2023 12:24,10/7/2023 12:50,0:25:52,2.4432266,0.95,USD,Portland State University,0:00:03,0:00:03,0:25:49,0:25:52,10/7/2023 11:24,10/7/2023 11:50,0:25:49,kWh,Level 2,8640
161,US/Mountain,10/11/2023 14:01,Portland State University - Parking One,1872 Southwest Broadway,Not Available,Portland,Oregon,97201,US,America/Los_Angeles,L1-0205-2240-004561,10/11/2023 9:50,10/11/2023 14:01,4:10:53,4.5732578,1.78,USD,Portland State University,2:05:59,2:05:59,2:04:54,4:10:53,10/11/2023 8:50,10/11/2023 13:01,2:04:54,kWh,Level 2,6633.4752
162,US/Mountain,10/7/2023 19:39,Portland State University - RMNC,1600 Southwest 4th Avenue,Not Available,Portland,Oregon,97201,US,America/Los_Angeles,L1-0205-2240-004640,10/7/2023 18:40,10/7/2023 19:39,0:58:59,5.5962773,2.18,USD,Portland State University,0:00:02,0:00:02,0:58:57,0:58:59,10/7/2023 17:40,10/7/2023 18:39,0:58:57,kWh,Level 2,6728.832
163,US/Mountain,10/9/2023 13:17,Portland State University,1872 SW Broadway,Not Available,Portland,Oregon,97201,US,America/Los_Angeles,L1-0205-2240-004536,10/9/2023 10:39,10/9/2023 13:16,2:37:33,6.7194141,3.29,USD,Portland State University,0:39:32,0:39:32,1:58:01,2:37:33,10/9/2023 9:39,10/9/2023 12:16,1:58:01,kWh,Level 2,6670.8576
164,US/Mountain,10/12/2023 16:49,Portland State University,1872 SW Broadway,Not Available,Portland,Oregon,97201,US,America/Los_Angeles,L1-0205-2240-004536,10/12/2023 12:47,10/12/2023 16:49,4:02:12,12.5573477,4.9,USD,Portland State University,1:54:43,1:54:43,2:07:29,4:02:12,10/12/2023 11:47,10/12/2023 15:49,2:07:29,kWh,Level 2,6670.8576
165,US/Mountain,10/12/2023 19:24,Portland State University,1872 SW Broadway,Not Available,Portland,Oregon,97201,US,America/Los_Angeles,L1-0207-ISO-2240-012605,10/12/2023 13:37,10/12/2023 19:24,5:47:01,6.6896133,3.28,USD,Portland State University,3:42:18,3:42:18,2:04:43,5:47:01,10/12/2023 12:37,10/12/2023 18:24,2:04:43,kWh,Level 2,6764.6304
166,US/Mountain,10/12/2023 18:54,Portland State University - RMNC,1600 Southwest 4th Avenue,Not Available,Portland,Oregon,97201,US,America/Los_Angeles,L1-0207-ISO-2240-012498,10/12/2023 14:34,10/12/2023 18:54,4:19:35,10.2336094,3.99,USD,Portland State University,0:52:44,0:52:44,3:26:51,4:19:35,10/12/2023 13:34,10/12/2023 17:54,3:26:51,kWh,Level 2,8640
167,US/Mountain,10/12/2023 18:17,Portland State University - Parking One,1872 Southwest Broadway,Not Available,Portland,Oregon,97201,US,America/Los_Angeles,L1-0205-2240-004561,10/12/2023 9:38,10/12/2023 18:17,8:38:24,4.3024805,1.68,USD,Portland State University,6:10:50,6:10:50,2:27:34,8:38:24,10/12/2023 8:38,10/12/2023 17:17,2:27:34,kWh,Level 2,6633.4752
168,US/Mountain,10/17/2023 16:51,Portland State University,1872 SW Broadway,Not Available,Portland,Oregon,97201,US,America/Los_Angeles,L1-0205-2240-004536,10/17/2023 14:58,10/17/2023 16:51,1:53:30,5.9404766,2.32,USD,Portland State University,0:00:00,0:00:00,1:53:30,1:53:30,10/17/2023 13:58,10/17/2023 15:51,1:53:30,kWh,Level 2,6670.8576
169,US/Mountain,10/17/2023 19:22,Portland State University,1872 SW Broadway,Not Available,Portland,Oregon,97201,US,America/Los_Angeles,L1-0205-2240-004638,10/17/2023 17:17,10/17/2023 19:22,2:05:35,14.1540742,5.52,USD,Portland State University,0:00:00,0:00:00,2:05:35,2:05:35,10/17/2023 16:17,10/17/2023 18:22,2:05:35,kWh,Level 2,6775.4016
170,US/Mountain,10/29/2023 15:57,Portland State University - RMNC,1600 Southwest 4th Avenue,Not Available,Portland,Oregon,97201,US,America/Los_Angeles,L1-0205-2240-004640,10/29/2023 14:36,10/29/2023 15:57,1:20:58,7.7773516,3.03,USD,Portland State University,0:00:07,0:00:07,1:20:51,1:20:58,10/29/2023 13:36,10/29/2023 14:57,1:20:51,kWh,Level 2,6728.832
171,US/Mountain,10/18/2023 18:10,Portland State University - Parking One,1872 Southwest Broadway,Not Available,Portland,Oregon,97201,US,America/Los_Angeles,L1-0205-2240-004561,10/18/2023 10:18,10/18/2023 18:10,7:52:09,5.3935117,2.1,USD,Portland State University,5:08:24,5:08:24,2:43:45,7:52:09,10/18/2023 9:18,10/18/2023 17:10,2:43:45,kWh,Level 2,6633.4752
172,US/Mountain,10/17/2023 16:17,Portland State University,1872 SW Broadway,Not Available,Portland,Oregon,97201,US,America/Los_Angeles,L1-0205-2240-004638,10/17/2023 10:31,10/17/2023 16:17,5:45:56,37.6963086,14.7,USD,Portland State University,0:00:23,0:00:23,5:45:33,5:45:56,10/17/2023 9:31,10/17/2023 15:17,5:45:33,kWh,Level 2,6775.4016
173,US/Mountain,10/17/2023 13:52,Portland State University - Parking One,1872 Southwest Broadway,Not Available,Portland,Oregon,97201,US,America/Los_Angeles,L1-0205-2240-004561,10/17/2023 9:00,10/17/2023 13:52,4:51:58,5.2101094,2.03,USD,Portland State University,2:36:54,2:36:54,2:15:04,4:51:58,10/17/2023 8:00,10/17/2023 12:52,2:15:04,kWh,Level 2,6633.4752
174,US/Mountain,10/17/2023 1:57,Portland State University - Parking One,1872 Southwest Broadway,Not Available,Portland,Oregon,97201,US,America/Los_Angeles,L1-0205-2240-004561,10/16/2023 9:09,10/16/2023 17:42,8:32:47,4.4389687,1.73,USD,Portland State University,6:09:04,6:09:04,2:23:43,8:32:47,10/16/2023 8:09,10/16/2023 16:42,2:23:43,kWh,Level 2,6633.4752
175,US/Mountain,10/13/2023 14:00,Portland State University - RMNC,1600 Southwest 4th Avenue,Not Available,Portland,Oregon,97201,US,America/Los_Angeles,L1-0205-2240-004640,10/13/2023 9:18,10/13/2023 14:00,4:42:24,4.9331523,1.92,USD,Portland State University,2:57:18,2:57:18,1:45:06,4:42:24,10/13/2023 8:18,10/13/2023 13:00,1:45:06,kWh,Level 2,6728.832
176,US/Mountain,10/22/2023 21:46,Portland State University,1872 SW Broadway,Not Available,Portland,Oregon,97201,US,America/Los_Angeles,L1-0205-2240-004536,10/22/2023 20:28,10/22/2023 21:46,1:17:50,5.60375,2.19,USD,Portland State University,0:00:00,0:00:00,1:17:50,1:17:50,10/22/2023 19:28,10/22/2023 20:46,1:17:50,kWh,Level 2,6670.8576
177,US/Mountain,10/13/2023 13:27,Portland State University - RMNC,1600 Southwest 4th Avenue,Not Available,Portland,Oregon,97201,US,America/Los_Angeles,L1-0207-ISO-2240-012498,10/13/2023 11:36,10/13/2023 13:27,1:51:35,5.6876562,2.22,USD,Portland State University,0:00:03,0:00:03,1:51:32,1:51:35,10/13/2023 10:36,10/13/2023 12:27,1:51:32,kWh,Level 2,8640
178,US/Mountain,10/13/2023 12:33,Portland State University,1872 SW Broadway,Not Available,Portland,Oregon,97201,US,America/Los_Angeles,L1-0207-ISO-2240-012964,10/13/2023 12:11,10/13/2023 12:33,0:21:36,1.1093164,0.43,USD,Portland State University,0:00:03,0:00:03,0:21:33,0:21:36,10/13/2023 11:11,10/13/2023 11:33,0:21:33,kWh,Level 2,3364.416
179,US/Mountain,10/13/2023 20:19,Portland State University - RMNC,1600 Southwest 4th Avenue,Not Available,Portland,Oregon,97201,US,America/Los_Angeles,L1-0207-ISO-2240-012498,10/13/2023 14:41,10/13/2023 20:19,5:38:11,9.5236992,3.71,USD,Portland State University,3:11:41,3:11:41,2:26:30,5:38:11,10/13/2023 13:41,10/13/2023 19:19,2:26:30,kWh,Level 2,8640
180,US/Mountain,10/17/2023 14:07,Portland State University,1872 SW Broadway,Not Available,Portland,Oregon,97201,US,America/Los_Angeles,L1-0205-2240-004536,10/17/2023 11:10,10/17/2023 14:07,2:57:06,19.4291563,7.58,USD,Portland State University,0:00:00,0:00:00,2:57:06,2:57:06,10/17/2023 10:10,10/17/2023 13:07,2:57:06,kWh,Level 2,6670.8576
181,US/Mountain,10/18/2023 22:52,Portland State University,1872 SW Broadway,Not Available,Portland,Oregon,97201,US,America/Los_Angeles,L1-0205-2240-004536,10/18/2023 9:36,10/18/2023 22:52,13:15:57,10.1339844,3.95,USD,Portland State University,10:34:20,10:34:20,2:41:37,13:15:57,10/18/2023 8:36,10/18/2023 21:52,2:41:37,kWh,Level 2,6670.8576
182,US/Mountain,10/17/2023 18:04,Portland State University - RMNC,1600 Southwest 4th Avenue,Not Available,Portland,Oregon,97201,US,America/Los_Angeles,L1-0207-ISO-2240-012498,10/17/2023 13:51,10/17/2023 18:04,4:13:08,14.7040156,5.73,USD,Portland State University,0:00:04,0:00:04,4:13:04,4:13:08,10/17/2023 12:51,10/17/2023 17:04,4:13:04,kWh,Level 2,8640
183,US/Mountain,10/17/2023 17:27,Portland State University - RMNC,1600 Southwest 4th Avenue,Not Available,Portland,Oregon,97201,US,America/Los_Angeles,L1-0205-2240-004640,10/17/2023 9:39,10/17/2023 17:27,7:48:27,6.2973594,2.46,USD,Portland State University,5:37:14,5:37:14,2:11:13,7:48:27,10/17/2023 8:39,10/17/2023 16:27,2:11:13,kWh,Level 2,6728.832
184,US/Mountain,10/14/2023 13:44,Portland State University,1872 SW Broadway,Not Available,Portland,Oregon,97201,US,America/Los_Angeles,L1-0207-ISO-2240-012964,10/14/2023 10:56,10/14/2023 13:44,2:47:50,9.0731172,3.54,USD,Portland State University,0:00:04,0:00:04,2:47:46,2:47:50,10/14/2023 9:56,10/14/2023 12:44,2:47:46,kWh,Level 2,3364.416
185,US/Mountain,10/14/2023 12:18,Portland State University,1872 SW Broadway,Not Available,Portland,Oregon,97201,US,America/Los_Angeles,L1-0205-2240-004638,10/14/2023 11:34,10/14/2023 12:18,0:44:11,4.8944883,1.91,USD,Portland State University,0:00:03,0:00:03,0:44:08,0:44:11,10/14/2023 10:34,10/14/2023 11:18,0:44:08,kWh,Level 2,6775.4016
186,US/Mountain,10/14/2023 14:49,Portland State University - RMNC,1600 Southwest 4th Avenue,Not Available,Portland,Oregon,97201,US,America/Los_Angeles,L1-0205-2240-004640,10/14/2023 12:57,10/14/2023 14:49,1:51:57,10.9519023,4.27,USD,Portland State University,0:00:00,0:00:00,1:51:57,1:51:57,10/14/2023 11:57,10/14/2023 13:49,1:51:57,kWh,Level 2,6728.832
187,US/Mountain,10/14/2023 12:56,Portland State University - RMNC,1600 Southwest 4th Avenue,Not Available,Portland,Oregon,97201,US,America/Los_Angeles,L1-0207-ISO-2240-012498,10/14/2023 12:56,10/14/2023 12:56,0:00:35,0,0,USD,Portland State University,0:00:35,0:00:35,0:00:00,0:00:35,10/14/2023 11:56,10/14/2023 11:56,0:00:00,kWh,Level 2,8640
188,US/Mountain,10/14/2023 13:51,Portland State University,1872 SW Broadway,Not Available,Portland,Oregon,97201,US,America/Los_Angeles,L1-0205-2240-004638,10/14/2023 13:21,10/14/2023 13:51,0:29:49,3.282418,1.28,USD,Portland State University,0:00:06,0:00:06,0:29:43,0:29:49,10/14/2023 12:21,10/14/2023 12:51,0:29:43,kWh,Level 2,6775.4016
189,US/Mountain,10/14/2023 18:05,Portland State University - RMNC,1600 Southwest 4th Avenue,Not Available,Portland,Oregon,97201,US,America/Los_Angeles,L1-0207-ISO-2240-012498,10/14/2023 14:39,10/14/2023 18:05,3:25:05,11.3893242,4.44,USD,Portland State University,1:18:33,1:18:33,2:06:32,3:25:05,10/14/2023 13:39,10/14/2023 17:05,2:06:32,kWh,Level 2,8640
190,US/Mountain,10/14/2023 16:03,Portland State University,1872 SW Broadway,Not Available,Portland,Oregon,97201,US,America/Los_Angeles,L1-0207-ISO-2240-012964,10/14/2023 16:00,10/14/2023 16:03,0:03:01,0.1585352,0.06,USD,Portland State University,0:00:02,0:00:02,0:02:59,0:03:01,10/14/2023 15:00,10/14/2023 15:03,0:02:59,kWh,Level 2,3364.416
191,US/Mountain,10/14/2023 19:30,Portland State University,1872 SW Broadway,Not Available,Portland,Oregon,97201,US,America/Los_Angeles,L1-0207-ISO-2240-012605,10/14/2023 16:05,10/14/2023 19:30,3:25:25,22.1927734,8.65,USD,Portland State University,0:00:03,0:00:03,3:25:22,3:25:25,10/14/2023 15:05,10/14/2023 18:30,3:25:22,kWh,Level 2,6764.6304
192,US/Mountain,10/15/2023 1:01,Portland State University,1872 SW Broadway,Not Available,Portland,Oregon,97201,US,America/Los_Angeles,L1-0205-2240-004638,10/14/2023 22:04,10/15/2023 1:01,2:56:24,18.5501016,7.23,USD,Portland State University,0:00:00,0:00:00,2:56:24,2:56:24,10/14/2023 21:04,10/15/2023 0:01,2:56:24,kWh,Level 2,6775.4016
193,US/Mountain,10/18/2023 17:53,Portland State University,1872 SW Broadway,Not Available,Portland,Oregon,97201,US,America/Los_Angeles,L1-0207-ISO-2240-012605,10/18/2023 11:28,10/18/2023 17:53,6:24:25,0.0465937,0.02,USD,Portland State University,6:23:14,6:23:14,0:01:11,6:24:25,10/18/2023 10:28,10/18/2023 16:53,0:01:11,kWh,Level 2,6764.6304
194,US/Mountain,10/18/2023 15:43,Portland State University - RMNC,1600 Southwest 4th Avenue,Not Available,Portland,Oregon,97201,US,America/Los_Angeles,L1-0207-ISO-2240-012498,10/18/2023 11:32,10/18/2023 15:43,4:10:58,25.6502578,10,USD,Portland State University,0:00:12,0:00:12,4:10:46,4:10:58,10/18/2023 10:32,10/18/2023 14:43,4:10:46,kWh,Level 2,8640
195,US/Mountain,10/23/2023 0:51,Portland State University,1872 SW Broadway,Not Available,Portland,Oregon,97201,US,America/Los_Angeles,L1-0207-ISO-2240-012964,10/22/2023 17:33,10/23/2023 0:51,7:18:30,14.0474922,6.88,USD,Portland State University,2:32:11,2:32:11,4:46:19,7:18:30,10/22/2023 16:33,10/22/2023 23:51,4:46:19,kWh,Level 2,3364.416
196,US/Mountain,10/18/2023 13:43,Portland State University,1872 SW Broadway,Not Available,Portland,Oregon,97201,US,America/Los_Angeles,L1-0207-ISO-2240-012964,10/18/2023 11:27,10/18/2023 13:43,2:16:04,5.2118359,2.55,USD,Portland State University,0:00:09,0:00:09,2:15:55,2:16:04,10/18/2023 10:27,10/18/2023 12:43,2:15:55,kWh,Level 2,3364.416
197,US/Mountain,10/29/2023 20:02,Portland State University - RMNC,1600 Southwest 4th Avenue,Not Available,Portland,Oregon,97201,US,America/Los_Angeles,L1-0207-ISO-2240-012498,10/29/2023 17:36,10/29/2023 20:02,2:26:06,10.9849766,4.28,USD,Portland State University,0:00:06,0:00:06,2:26:00,2:26:06,10/29/2023 16:36,10/29/2023 19:02,2:26:00,kWh,Level 2,8640
198,US/Mountain,10/19/2023 18:34,Portland State University - Parking One,1872 Southwest Broadway,Not Available,Portland,Oregon,97201,US,America/Los_Angeles,L1-0205-2240-004561,10/19/2023 9:07,10/19/2023 18:34,9:26:52,4.3736992,1.71,USD,Portland State University,6:59:14,6:59:14,2:27:38,9:26:52,10/19/2023 8:07,10/19/2023 17:34,2:27:38,kWh,Level 2,6633.4752
199,US/Mountain,10/19/2023 12:29,Portland State University - RMNC,1600 Southwest 4th Avenue,Not Available,Portland,Oregon,97201,US,America/Los_Angeles,L1-0205-2240-004640,10/19/2023 9:08,10/19/2023 12:29,3:20:39,6.2927461,2.45,USD,Portland State University,1:10:12,1:10:12,2:10:27,3:20:39,10/19/2023 8:08,10/19/2023 11:29,2:10:27,kWh,Level 2,6728.832
200,US/Mountain,10/25/2023 11:54,Portland State University,1872 SW Broadway,Not Available,Portland,Oregon,97201,US,America/Los_Angeles,L1-0205-2240-004638,10/25/2023 10:17,10/25/2023 11:54,1:37:36,5.3473516,2.08,USD,Portland State University,0:00:00,0:00:00,1:37:36,1:37:36,10/25/2023 9:17,10/25/2023 10:54,1:37:36,kWh,Level 2,6775.4016
201,US/Mountain,10/25/2023 11:16,Portland State University,1872 SW Broadway,Not Available,Portland,Oregon,97201,US,America/Los_Angeles,L1-0207-ISO-2240-012964,10/25/2023 10:23,10/25/2023 11:16,0:52:23,1.9578086,0,USD,Portland State University,0:00:03,0:00:03,0:52:20,0:52:23,10/25/2023 9:23,10/25/2023 10:16,0:52:20,kWh,Level 2,3364.416
202,US/Mountain,10/25/2023 15:14,Portland State University - RMNC,1600 Southwest 4th Avenue,Not Available,Portland,Oregon,97201,US,America/Los_Angeles,L1-0207-ISO-2240-012498,10/25/2023 10:29,10/25/2023 15:14,4:44:46,29.2215508,11.4,USD,Portland State University,0:00:05,0:00:05,4:44:41,4:44:46,10/25/2023 9:29,10/25/2023 14:14,4:44:41,kWh,Level 2,8640
203,US/Mountain,10/24/2023 21:55,Portland State University,1872 SW Broadway,Not Available,Portland,Oregon,97201,US,America/Los_Angeles,L1-0207-ISO-2240-012605,10/24/2023 16:57,10/24/2023 21:55,4:58:21,6.1958828,2.42,USD,Portland State University,3:00:49,3:00:49,1:57:32,4:58:21,10/24/2023 15:57,10/24/2023 20:55,1:57:32,kWh,Level 2,6764.6304
204,US/Mountain,10/25/2023 21:26,Portland State University,1872 SW Broadway,Not Available,Portland,Oregon,97201,US,America/Los_Angeles,L1-0207-ISO-2240-012964,10/25/2023 17:09,10/25/2023 21:26,4:17:25,5.2322773,2.04,USD,Portland State University,0:45:29,0:45:29,3:31:56,4:17:25,10/25/2023 16:09,10/25/2023 20:26,3:31:56,kWh,Level 2,3364.416
205,US/Mountain,10/24/2023 17:19,Portland State University - RMNC,1600 Southwest 4th Avenue,Not Available,Portland,Oregon,97201,US,America/Los_Angeles,L1-0205-2240-004640,10/24/2023 9:44,10/24/2023 17:19,7:34:33,6.3242383,2.47,USD,Portland State University,5:21:48,5:21:48,2:12:45,7:34:33,10/24/2023 8:44,10/24/2023 16:19,2:12:45,kWh,Level 2,6728.832
206,US/Mountain,10/24/2023 19:34,Portland State University,1872 SW Broadway,Not Available,Portland,Oregon,97201,US,America/Los_Angeles,L1-0205-2240-004638,10/24/2023 17:28,10/24/2023 19:34,2:05:31,7.038707,2.75,USD,Portland State University,0:00:00,0:00:00,2:05:31,2:05:31,10/24/2023 16:28,10/24/2023 18:34,2:05:31,kWh,Level 2,6775.4016
207,US/Mountain,10/25/2023 22:15,Portland State University,1872 SW Broadway,Not Available,Portland,Oregon,97201,US,America/Los_Angeles,L1-0205-2240-004536,10/25/2023 10:23,10/25/2023 22:15,11:51:59,7.1762969,2.8,USD,Portland State University,9:21:09,9:21:09,2:30:50,11:51:59,10/25/2023 9:23,10/25/2023 21:15,2:30:50,kWh,Level 2,6670.8576
208,US/Mountain,10/25/2023 14:33,Portland State University,1872 SW Broadway,Not Available,Portland,Oregon,97201,US,America/Los_Angeles,L1-0207-ISO-2240-012964,10/25/2023 11:37,10/25/2023 14:33,2:56:11,6.2088594,2.42,USD,Portland State University,0:00:05,0:00:05,2:56:06,2:56:11,10/25/2023 10:37,10/25/2023 13:33,2:56:06,kWh,Level 2,3364.416
209,US/Mountain,10/24/2023 13:03,Portland State University - Parking One,1872 Southwest Broadway,Not Available,Portland,Oregon,97201,US,America/Los_Angeles,L1-0205-2240-004561,10/24/2023 10:00,10/24/2023 13:03,3:03:23,4.469457,1.74,USD,Portland State University,1:05:43,1:05:43,1:57:40,3:03:23,10/24/2023 9:00,10/24/2023 12:03,1:57:40,kWh,Level 2,6633.4752
210,US/Mountain,10/20/2023 23:36,Portland State University,1872 SW Broadway,Not Available,Portland,Oregon,97201,US,America/Los_Angeles,L1-0207-ISO-2240-012605,10/20/2023 11:02,10/20/2023 23:36,12:34:09,0.0552031,0.02,USD,Portland State University,12:32:52,12:32:52,0:01:17,12:34:09,10/20/2023 10:02,10/20/2023 22:36,0:01:17,kWh,Level 2,6764.6304
211,US/Mountain,10/24/2023 18:17,Portland State University,1872 SW Broadway,Not Available,Portland,Oregon,97201,US,America/Los_Angeles,L1-0205-2240-004536,10/24/2023 10:00,10/24/2023 18:17,8:16:53,5.6224922,2.19,USD,Portland State University,6:26:22,6:26:22,1:50:31,8:16:53,10/24/2023 9:00,10/24/2023 17:17,1:50:31,kWh,Level 2,6670.8576
212,US/Mountain,10/20/2023 20:32,Portland State University,1872 SW Broadway,Not Available,Portland,Oregon,97201,US,America/Los_Angeles,L1-0207-ISO-2240-012964,10/20/2023 16:03,10/20/2023 20:32,4:28:07,14.6302227,7.17,USD,Portland State University,0:00:04,0:00:04,4:28:03,4:28:07,10/20/2023 15:03,10/20/2023 19:32,4:28:03,kWh,Level 2,3364.416
213,US/Mountain,10/25/2023 18:07,Portland State University - Parking One,1872 Southwest Broadway,Not Available,Portland,Oregon,97201,US,America/Los_Angeles,L1-0205-2240-004561,10/25/2023 10:18,10/25/2023 18:07,7:49:10,4.6503633,1.81,USD,Portland State University,5:16:36,5:16:36,2:32:34,7:49:10,10/25/2023 9:18,10/25/2023 17:07,2:32:34,kWh,Level 2,6633.4752
214,US/Mountain,10/20/2023 23:48,Portland State University,1872 SW Broadway,Not Available,Portland,Oregon,97201,US,America/Los_Angeles,L1-0207-ISO-2240-012964,10/20/2023 20:38,10/20/2023 23:48,3:10:32,10.4851406,4.09,USD,Portland State University,0:00:03,0:00:03,3:10:29,3:10:32,10/20/2023 19:38,10/20/2023 22:48,3:10:29,kWh,Level 2,3364.416
215,US/Mountain,10/21/2023 9:58,Portland State University,1872 SW Broadway,Not Available,Portland,Oregon,97201,US,America/Los_Angeles,L1-0207-ISO-2240-012605,10/21/2023 9:55,10/21/2023 9:58,0:03:11,0,0,USD,Portland State University,0:03:11,0:03:11,0:00:00,0:03:11,10/21/2023 8:55,10/21/2023 8:58,0:00:00,kWh,Level 2,6764.6304
216,US/Mountain,10/21/2023 13:18,Portland State University,1872 SW Broadway,Not Available,Portland,Oregon,97201,US,America/Los_Angeles,L1-0207-ISO-2240-012605,10/21/2023 10:01,10/21/2023 13:18,3:17:43,0,0,USD,Portland State University,3:17:43,3:17:43,0:00:00,3:17:43,10/21/2023 9:01,10/21/2023 12:18,0:00:00,kWh,Level 2,6764.6304
217,US/Mountain,10/21/2023 12:45,Portland State University - RMNC,1600 Southwest 4th Avenue,Not Available,Portland,Oregon,97201,US,America/Los_Angeles,L1-0207-ISO-2240-012498,10/21/2023 10:26,10/21/2023 12:45,2:18:51,12.86275,5.02,USD,Portland State University,0:00:04,0:00:04,2:18:47,2:18:51,10/21/2023 9:26,10/21/2023 11:45,2:18:47,kWh,Level 2,8640
218,US/Mountain,10/24/2023 11:13,Portland State University,1872 SW Broadway,Not Available,Portland,Oregon,97201,US,America/Los_Angeles,L1-0205-2240-004638,10/24/2023 10:48,10/24/2023 11:13,0:25:01,1.2892695,0,USD,Portland State University,0:00:15,0:00:15,0:24:46,0:25:01,10/24/2023 9:48,10/24/2023 10:13,0:24:46,kWh,Level 2,6775.4016
219,US/Mountain,10/21/2023 12:35,Portland State University,1872 SW Broadway,Not Available,Portland,Oregon,97201,US,America/Los_Angeles,L1-0207-ISO-2240-012964,10/21/2023 10:49,10/21/2023 12:35,1:46:21,5.6060586,2.19,USD,Portland State University,0:00:53,0:00:53,1:45:28,1:46:21,10/21/2023 9:49,10/21/2023 11:35,1:45:28,kWh,Level 2,3364.416
220,US/Mountain,10/26/2023 13:52,Portland State University - Parking One,1872 Southwest Broadway,Not Available,Portland,Oregon,97201,US,America/Los_Angeles,L1-0205-2240-004561,10/26/2023 10:10,10/26/2023 13:52,3:42:11,5.1767891,2.02,USD,Portland State University,1:32:41,1:32:41,2:09:30,3:42:11,10/26/2023 9:10,10/26/2023 12:52,2:09:30,kWh,Level 2,6633.4752
221,US/Mountain,10/25/2023 20:04,Portland State University,1872 SW Broadway,Not Available,Portland,Oregon,97201,US,America/Los_Angeles,L1-0207-ISO-2240-012605,10/25/2023 9:39,10/25/2023 20:04,10:25:05,62.0374648,30.4,USD,Portland State University,0:00:03,0:00:03,10:25:02,10:25:05,10/25/2023 8:39,10/25/2023 19:04,10:25:02,kWh,Level 2,6764.6304
222,US/Mountain,10/26/2023 17:54,Portland State University,1872 SW Broadway,Not Available,Portland,Oregon,97201,US,America/Los_Angeles,L1-0205-2240-004638,10/26/2023 17:53,10/26/2023 17:54,0:01:06,0.049707,0.02,USD,Portland State University,0:00:05,0:00:05,0:01:01,0:01:06,10/26/2023 16:53,10/26/2023 16:54,0:01:01,kWh,Level 2,6775.4016
223,US/Mountain,10/26/2023 20:08,Portland State University,1872 SW Broadway,Not Available,Portland,Oregon,97201,US,America/Los_Angeles,L1-0205-2240-004638,10/26/2023 17:54,10/26/2023 20:08,2:13:32,5.677625,2.21,USD,Portland State University,0:17:42,0:17:42,1:55:50,2:13:32,10/26/2023 16:54,10/26/2023 19:08,1:55:50,kWh,Level 2,6775.4016
224,US/Mountain,10/26/2023 19:30,Portland State University,1872 SW Broadway,Not Available,Portland,Oregon,97201,US,America/Los_Angeles,L1-0205-2240-004536,10/26/2023 17:31,10/26/2023 19:30,1:58:55,13.3814219,5.22,USD,Portland State University,0:00:08,0:00:08,1:58:47,1:58:55,10/26/2023 16:31,10/26/2023 18:30,1:58:47,kWh,Level 2,6670.8576
225,US/Mountain,10/26/2023 23:14,Portland State University,1872 SW Broadway,Not Available,Portland,Oregon,97201,US,America/Los_Angeles,L1-0207-ISO-2240-012964,10/26/2023 19:38,10/26/2023 23:14,3:35:58,11.6791211,4.55,USD,Portland State University,0:00:05,0:00:05,3:35:53,3:35:58,10/26/2023 18:38,10/26/2023 22:14,3:35:53,kWh,Level 2,3364.416
226,US/Mountain,10/31/2023 13:08,Portland State University,1872 SW Broadway,Not Available,Portland,Oregon,97201,US,America/Los_Angeles,L1-0207-ISO-2240-012964,10/31/2023 8:58,10/31/2023 13:08,4:09:40,6.1234766,2.39,USD,Portland State University,1:28:21,1:28:21,2:41:19,4:09:40,10/31/2023 7:58,10/31/2023 12:08,2:41:19,kWh,Level 2,3364.416
227,US/Mountain,10/27/2023 13:23,Portland State University,1872 SW Broadway,Not Available,Portland,Oregon,97201,US,America/Los_Angeles,L1-0207-ISO-2240-012605,10/27/2023 12:42,10/27/2023 13:23,0:41:19,4.0749102,1.59,USD,Portland State University,0:00:02,0:00:02,0:41:17,0:41:19,10/27/2023 11:42,10/27/2023 12:23,0:41:17,kWh,Level 2,6764.6304
228,US/Mountain,10/31/2023 18:26,Portland State University,1872 SW Broadway,Not Available,Portland,Oregon,97201,US,America/Los_Angeles,L1-0205-2240-004638,10/31/2023 16:26,10/31/2023 18:26,2:00:22,13.6161797,5.31,USD,Portland State University,0:00:00,0:00:00,2:00:22,2:00:22,10/31/2023 15:26,10/31/2023 17:26,2:00:22,kWh,Level 2,6775.4016
229,US/Mountain,10/27/2023 16:39,Portland State University,1872 SW Broadway,Not Available,Portland,Oregon,97201,US,America/Los_Angeles,L1-0207-ISO-2240-012964,10/27/2023 13:37,10/27/2023 16:39,3:02:42,9.4845234,3.7,USD,Portland State University,0:00:07,0:00:07,3:02:35,3:02:42,10/27/2023 12:37,10/27/2023 15:39,3:02:35,kWh,Level 2,3364.416
230,US/Mountain,10/27/2023 16:19,Portland State University,1872 SW Broadway,Not Available,Portland,Oregon,97201,US,America/Los_Angeles,L1-0207-ISO-2240-012605,10/27/2023 14:52,10/27/2023 16:19,1:27:11,5.3786211,2.63,USD,Portland State University,0:00:03,0:00:03,1:27:08,1:27:11,10/27/2023 13:52,10/27/2023 15:19,1:27:08,kWh,Level 2,6764.6304
231,US/Mountain,10/31/2023 11:59,Portland State University - RMNC,1600 Southwest 4th Avenue,Not Available,Portland,Oregon,97201,US,America/Los_Angeles,L1-0207-ISO-2240-012498,10/31/2023 9:49,10/31/2023 11:59,2:10:19,13.9464141,6.83,USD,Portland State University,0:00:16,0:00:16,2:10:03,2:10:19,10/31/2023 8:49,10/31/2023 10:59,2:10:03,kWh,Level 2,8640
232,US/Mountain,10/27/2023 22:25,Portland State University,1872 SW Broadway,Not Available,Portland,Oregon,97201,US,America/Los_Angeles,L1-0207-ISO-2240-012964,10/27/2023 18:36,10/27/2023 22:25,3:49:45,12.7938281,4.99,USD,Portland State University,0:00:03,0:00:03,3:49:42,3:49:45,10/27/2023 17:36,10/27/2023 21:25,3:49:42,kWh,Level 2,3364.416
233,US/Mountain,10/28/2023 14:22,Portland State University,1872 SW Broadway,Not Available,Portland,Oregon,97201,US,America/Los_Angeles,L1-0205-2240-004638,10/28/2023 12:57,10/28/2023 14:22,1:24:39,8.6512422,3.37,USD,Portland State University,0:00:02,0:00:02,1:24:37,1:24:39,10/28/2023 11:57,10/28/2023 13:22,1:24:37,kWh,Level 2,6775.4016
234,US/Mountain,10/31/2023 14:22,Portland State University - Parking One,1872 Southwest Broadway,Not Available,Portland,Oregon,97201,US,America/Los_Angeles,L1-0205-2240-004561,10/31/2023 10:35,10/31/2023 14:22,3:47:12,5.660582,2.21,USD,Portland State University,1:32:25,1:32:25,2:14:47,3:47:12,10/31/2023 9:35,10/31/2023 13:22,2:14:47,kWh,Level 2,6633.4752
235,US/Mountain,10/28/2023 18:42,Portland State University,1872 SW Broadway,Not Available,Portland,Oregon,97201,US,America/Los_Angeles,L1-0207-ISO-2240-012964,10/28/2023 14:52,10/28/2023 18:42,3:49:31,12.6600586,4.94,USD,Portland State University,0:00:02,0:00:02,3:49:29,3:49:31,10/28/2023 13:52,10/28/2023 17:42,3:49:29,kWh,Level 2,3364.416
236,US/Mountain,10/31/2023 13:23,Portland State University,1872 SW Broadway,Not Available,Portland,Oregon,97201,US,America/Los_Angeles,L1-0205-2240-004536,10/31/2023 10:45,10/31/2023 13:23,2:38:00,12.2694219,4.79,USD,Portland State University,0:00:00,0:00:00,2:38:00,2:38:00,10/31/2023 9:45,10/31/2023 12:23,2:38:00,kWh,Level 2,6670.8576
237,US/Mountain,10/27/2023 17:17,Portland State University,1872 SW Broadway,Not Available,Portland,Oregon,97201,US,America/Los_Angeles,L1-0205-2240-004536,10/27/2023 16:02,10/27/2023 17:17,1:15:03,6.9220352,3.39,USD,Portland State University,0:00:04,0:00:04,1:14:59,1:15:03,10/27/2023 15:02,10/27/2023 16:17,1:14:59,kWh,Level 2,6670.8576
238,US/Mountain,10/28/2023 19:54,Portland State University,1872 SW Broadway,Not Available,Portland,Oregon,97201,US,America/Los_Angeles,L1-0207-ISO-2240-012605,10/28/2023 18:07,10/28/2023 19:54,1:46:41,11.3875508,5.58,USD,Portland State University,0:00:05,0:00:05,1:46:36,1:46:41,10/28/2023 17:07,10/28/2023 18:54,1:46:36,kWh,Level 2,6764.6304
239,US/Mountain,10/28/2023 18:07,Portland State University,1872 SW Broadway,Not Available,Portland,Oregon,97201,US,America/Los_Angeles,L1-0207-ISO-2240-012605,10/28/2023 18:06,10/28/2023 18:07,0:00:30,0,0,USD,Portland State University,0:00:30,0:00:30,0:00:00,0:00:30,10/28/2023 17:06,10/28/2023 17:07,0:00:00,kWh,Level 2,6764.6304
240,US/Mountain,10/28/2023 23:56,Portland State University - RMNC,1600 Southwest 4th Avenue,Not Available,Portland,Oregon,97201,US,America/Los_Angeles,L1-0207-ISO-2240-012498,10/28/2023 18:57,10/28/2023 23:56,4:58:54,14.4776641,7.09,USD,Portland State University,2:14:49,2:14:49,2:44:05,4:58:54,10/28/2023 17:57,10/28/2023 22:56,2:44:05,kWh,Level 2,8640
241,US/Mountain,10/30/2023 21:46,Portland State University,1872 SW Broadway,Not Available,Portland,Oregon,97201,US,America/Los_Angeles,L1-0207-ISO-2240-012964,10/30/2023 19:05,10/30/2023 21:45,2:40:29,8.9049375,4.36,USD,Portland State University,0:00:07,0:00:07,2:40:22,2:40:29,10/30/2023 18:05,10/30/2023 20:45,2:40:22,kWh,Level 2,3364.416
